Name,Feature1,Feature2,Feature3,Feature4,Feature5,Feature6,Feature7,Feature8,Feature9,Feature10,Feature11,Feature12,Feature13,Feature14,Feature15,Feature16,Feature17,Feature18,Feature19,Feature20,Feature21,Feature22,Feature23,Feature24,Feature25,Feature26,Feature27,Feature28,Feature29,Feature30,Feature31,Feature32,Feature33,Feature34,Feature35,Feature36,Feature37,Feature38,Feature39,Feature40,Feature41,Feature42,Feature43,Feature44,Feature45,Feature46,Feature47,Feature48,Feature49,Feature50,Feature51,Feature52,Feature53,Feature54,Feature55,Feature56,Feature57,Feature58,Feature59,Feature60,Feature61,Feature62,Feature63,Feature64,Feature65,Feature66,Feature67,Feature68,Feature69,Feature70,Feature71,Feature72,Feature73,Feature74,Feature75,Feature76,Feature77,Feature78,Feature79,Feature80,Feature81,Feature82,Feature83,Feature84,Feature85,Feature86,Feature87,Feature88,Feature89,Feature90,Feature91,Feature92,Feature93,Feature94,Feature95,Feature96,Feature97,Feature98,Feature99,Feature100,Feature101,Feature102,Feature103,Feature104,Feature105,Feature106,Feature107,Feature108,Feature109,Feature110,Feature111,Feature112,Feature113,Feature114,Feature115,Feature116,Feature117,Feature118,Feature119,Feature120,Feature121,Feature122,Feature123,Feature124,Feature125,Feature126,Feature127,Feature128,Feature129,Feature130,Feature131,Feature132,Feature133,Feature134,Feature135,Feature136,Feature137,Feature138,Feature139,Feature140,Feature141,Feature142,Feature143,Feature144,Feature145,Feature146,Feature147,Feature148,Feature149,Feature150,Feature151,Feature152,Feature153,Feature154,Feature155,Feature156,Feature157,Feature158,Feature159,Feature160,Feature161,Feature162,Feature163,Feature164,Feature165,Feature166,Feature167,Feature168,Feature169,Feature170,Feature171,Feature172,Feature173,Feature174,Feature175,Feature176,Feature177,Feature178,Feature179,Feature180,Feature181,Feature182,Feature183,Feature184,Feature185,Feature186,Feature187,Feature188,Feature189,Feature190,Feature191,Feature192,Feature193,Feature194,Feature195,Feature196,Feature197,Feature198,Feature199,Feature200,Feature201,Feature202,Feature203,Feature204,Feature205,Feature206,Feature207,Feature208,Feature209,Feature210,Feature211,Feature212,Feature213,Feature214,Feature215,Feature216,Feature217,Feature218,Feature219,Feature220,Feature221,Feature222,Feature223,Feature224,Feature225,Feature226,Feature227,Feature228,Feature229,Feature230,Feature231,Feature232,Feature233,Feature234,Feature235,Feature236,Feature237,Feature238,Feature239,Feature240,Feature241,Feature242,Feature243,Feature244,Feature245,Feature246,Feature247,Feature248,Feature249,Feature250,Feature251,Feature252,Feature253,Feature254,Feature255,Feature256,Feature257,Feature258,Feature259,Feature260,Feature261,Feature262,Feature263,Feature264,Feature265,Feature266,Feature267,Feature268,Feature269,Feature270,Feature271,Feature272,Feature273,Feature274,Feature275,Feature276,Feature277,Feature278,Feature279,Feature280,Feature281,Feature282,Feature283,Feature284,Feature285,Feature286,Feature287,Feature288,Feature289,Feature290,Feature291,Feature292,Feature293,Feature294,Feature295,Feature296,Feature297,Feature298,Feature299,Feature300,Feature301,Feature302,Feature303,Feature304,Feature305,Feature306,Feature307,Feature308,Feature309,Feature310,Feature311,Feature312,Feature313,Feature314,Feature315,Feature316,Feature317,Feature318,Feature319,Feature320,Feature321,Feature322,Feature323,Feature324,Feature325,Feature326,Feature327,Feature328,Feature329,Feature330,Feature331,Feature332,Feature333,Feature334,Feature335,Feature336,Feature337,Feature338,Feature339,Feature340,Feature341,Feature342,Feature343,Feature344,Feature345,Feature346,Feature347,Feature348,Feature349,Feature350,Feature351,Feature352,
fyingpan_4_3dwh1.ply,0.286085,1.20509e-05,0,0,0,0,0,0,0,2.73288e-06,0.0595472,0.368195,1.69185e-05,0,0,0,0,0,0,0,0,0.00213793,0.01204,4.64988e-08,0,0,0,0,0,0,0,0,0,0.0270487,5.0687e-07,0,0,0,0,0,0,0,0,0,0.0401576,1.80513e-06,0,0,0,0,0,0,0,3.70094e-07,0.00850066,0.0301148,1.34179e-06,0,0,0,0,0,0,0,0,9.76451e-06,0,0,0,0,0,0,0,0,0,0,0,0,0,0,0,0,0,0,0,0,0,0,0.0499554,2.22024e-06,0,0,0,0,0,0,0,4.62515e-08,0.000877407,0.0359885,1.61946e-06,0,0,0,0,0,0,0,0,0,0,0,0,0,0,0,0,0,0,0,0,0,0,0,0,0,0,0,0,0,0,0,0.332594,1.41751e-05,0,0,0,0,0,0,0,1.71345e-06,0.034867,0.398778,1.80653e-05,0,0,0,0,0,0,0,0,0.00348347,0.00756112,0,0,0,0,0,0,0,0,0,0.00255728,0.0165434,0,0,0,0,0,0,0,0,0,0,0.324242,1.35716e-05,0,0,0,0,0,0,0,1.94495e-06,0.0397354,0.413483,1.90836e-05,0,0,0,0,0,0,0,0,0.00375926,0.00731007,0,0,0,0,0,0,0,0,0,0.00208438,0.017439,0,0,0,0,0,0,0,0,0,0,0.0360513,1.57263e-06,0,0,0,0,0,0,0,5.08931e-07,0.0107911,0.0281853,1.20328e-06,0,0,0,0,0,0,0,0,3.74007e-06,0,0,0,0,0,0,0,0,0,0,0,0,0,0,0,0,0,0,0,0,0,0,0.0341214,1.52721e-06,0,0,0,0,0,0,0,6.02011e-07,0.0138653,0.0256703,1.1107e-06,0,0,0,0,0,0,0,0,4.58288e-05,0,0,0,0,0,0,0,0,0,0,0,0,0,0,0,0,0,0,0,0,0,0,0.280359,1.18677e-05,0,0,0,0,0,0,0,3.65758e-06,0.0769392,0.364542,1.67835e-05,0,0,0,0,0,0,0,0,0.00349061,0.0122949,0,0,0,0,0,0,0,0,0,0,0.0266985,4.74882e-07,0,0,0,0,0,0,0,0,0,
mug_3_3dwh1.ply,0.00193744,0.000843978,0.000499069,0.000362186,0.0004908,0.00249541,0.00506746,0.00626458,0.0108899,0.026412,0.170083,0.172701,0.0265029,0.0108631,0.00672679,0.00531534,0.00258984,0.0003325,0.000254646,0.000486686,0.000887572,0.000755569,0.00538586,0.00431838,0.00430951,0.00461924,0.00498548,0.0196391,0.0358921,0.0394278,0.0561279,0.0990036,0.0755227,0.07676,0.101219,0.0558208,0.0415066,0.0351398,0.0196053,0.00512427,0.00434929,0.00436075,0.00424367,0.00119541,0.0264458,0.0005523,0.000567439,0.00115222,0.00152047,0.00221031,0.00304484,0.00313644,0.00371646,0.00720066,0.302984,0.312088,0.00674516,0.00428946,0.00406356,0.00351115,0.00265565,0.00157321,0.000534898,0.000355542,0.000608902,0.01612,0.000821055,0,2.71812e-05,0.000179119,0.000498916,0.00321899,0.006026,0.00420461,0.00368055,0.00226702,0.0240591,0.0247311,0.00234232,0.00366998,0.00489294,0.00606147,0.00348715,0.000490399,5.10518e-05,0,0,0,0.0158073,0.00131282,0.00206209,0.00471176,0.0098864,0.0112733,0.0157297,0.0222294,0.0266701,0.0331767,0.208959,0.216844,0.0327056,0.0268888,0.0229581,0.0175165,0.0124151,0.00738391,0.00374301,0.00196836,0.00128349,0.00834779,0.000402827,0,0,0.000189909,0.0010909,0.00363033,0.00676925,0.00622409,0.00567898,0.00390001,0.0141082,0.0146064,0.00385703,0.0055471,0.00599602,0.00663421,0.00401469,0.000821865,0.000155556,0,0,0,0.0188387,0.0134096,0.0120489,0.0122345,0.0106756,0.00783428,0.00838731,0.0132733,0.0285694,0.0777709,0.170064,0.186721,0.0814416,0.0285997,0.0144845,0.00825029,0.00916883,0.0109585,0.0101173,0.0102158,0.0105206,0.00735075,0.00516813,0.0037068,0.00389498,0.00457629,0.00485836,0.0120503,0.0219116,0.0270796,0.038639,0.0730139,0.054147,0.0603134,0.0725112,0.0358468,0.0269268,0.0211874,0.0122087,0.00477913,0.00430049,0.00387247,0.00339132,0.00118846,0.0119866,0.00457434,0.00281498,0.00199645,0.00163228,0.00724897,0.0170262,0.0218071,0.036073,0.0861313,0.181987,0.190663,0.0826476,0.0344504,0.0213734,0.0160202,0.00910272,0.00181078,0.00204521,0.00296727,0.0045409,0.00595946,0.00394453,0.0024647,0.00262857,0.0028804,0.00315517,0.0128191,0.024383,0.0285036,0.0385676,0.0722987,0.0599656,0.0638543,0.0717379,0.0374767,0.0273595,0.0227688,0.0127022,0.00337699,0.00300253,0.00271087,0.0024061,0.000902159,0.0172799,0.0012866,0.0019292,0.00266688,0.00291958,0.0118928,0.0215217,0.0233099,0.0272102,0.0327757,0.208038,0.218949,0.0329628,0.0262873,0.0241859,0.0209084,0.0130285,0.00301826,0.00253954,0.00204612,0.00133217,0.00795264,0.000504402,0,0,0,0.00012892,0.00390201,0.00718004,0.00595473,0.00567462,0.00391526,0.0140948,0.0147813,0.00393156,0.00545238,0.00586922,0.00634557,0.00403655,0.000235491,0,0,0,0,0.0297739,0.000528755,0.000562802,0.00049302,0.000661201,0.00264891,0.00447151,0.00464717,0.0052873,0.00666569,0.297054,0.312231,0.00690536,0.00512424,0.00407231,0.00433437,0.00246861,0.000691985,0.000621623,0.000540106,0.000521433,0.0153115,0.00112936,0,0,0.000114619,0.0001931,0.0034861,0.00580663,0.00492906,0.00406824,0.00250337,0.0237596,0.0249225,0.00240568,0.00427913,0.00529352,0.00591538,0.00294299,0.000213932,6.94121e-05,0,0,0,0.00179839,0.000794962,0.000429394,0.000178154,0.000133607,0.00254093,0.00500884,0.00621342,0.010708,0.0239112,0.16847,0.168129,0.0255401,0.0109096,0.00626862,0.00533616,0.00203597,0.000108053,0.000175476,0.000447316,0.000683475,0.000693392,0.00547912,0.00434998,0.00443429,0.00463123,0.00527211,0.0195322,0.0342653,0.0409136,0.054925,0.102341,0.0757778,0.0771489,0.101919,0.0569911,0.041832,0.0364433,0.0171379,0.00484545,0.00448155,0.00423188,0.00443002,0.00119506,
chineseknife_2_3dwh1.ply,0.0561898,1.03133e-09,0,0,0,0,0,0,0,2.43123e-08,0.291843,0.30193,2.46166e-08,0,0,0,0,0,0,0,0,0.0438567,0.00574836,1.85977e-10,0,0,0,0,0,0,0,9.12979e-10,0.0250962,0.0312163,1.47091e-09,0,0,0,0,0,0,0,0,0.00167163,0.0232942,8.96072e-10,0,0,0,0,0,0,0,5.79911e-09,0.0759846,0.0850958,6.32322e-09,0,0,0,0,0,0,0,0,0.0110554,6.9543e-05,0,0,0,0,0,0,0,0,0,1.94301e-05,8.56208e-05,0,0,0,0,0,0,0,0,0,0,0.0229711,7.43909e-10,0,0,0,0,0,0,0,5.91746e-09,0.0762621,0.0901639,6.86425e-09,0,0,0,0,0,0,0,0,0.0109414,5.09467e-05,0,0,0,0,0,0,0,0,0,2.16252e-05,0.000123138,0,0,0,0,0,0,0,0,0,0,0.0547099,6.76281e-10,0,0,0,0,0,0,0,2.47857e-08,0.291722,0.308641,2.61213e-08,0,0,0,0,0,0,0,0,0.0437948,0.00388872,1.18349e-10,0,0,0,0,0,0,0,6.08653e-10,0.021972,0.0279976,1.06514e-09,0,0,0,0,0,0,0,0,0.0011619,0.0570557,1.6907e-11,0,0,0,0,0,0,0,3.19712e-08,0.375679,0.371606,3.1633e-08,0,0,0,0,0,0,0,0,0.0575773,0.00126026,0,0,0,0,0,0,0,0,7.27002e-10,0.0263029,0.0257744,7.43909e-10,0,0,0,0,0,0,0,0,0.00127054,0.0121959,1.6907e-11,0,0,0,0,0,0,0,6.9995e-09,0.0860803,0.0839098,6.83043e-09,0,0,0,0,0,0,0,0,0.01242,0,0,0,0,0,0,0,0,0,0,0,0,0,0,0,0,0,0,0,0,0,0,0.0124921,0,0,0,0,0,0,0,0,6.66136e-09,0.087305,0.0862934,6.67827e-09,0,0,0,0,0,0,0,0,0.0125565,0,0,0,0,0,0,0,0,0,0,0,0,0,0,0,0,0,0,0,0,0,0,0.0575053,3.3814e-11,0,0,0,0,0,0,0,3.05172e-08,0.370995,0.373359,3.02128e-08,0,0,0,0,0,0,0,0,0.0567703,0.00119111,0,0,0,0,0,0,0,0,4.90303e-10,0.0245168,0.0256511,6.59374e-10,0,0,0,0,0,0,0,0,0.00101641,
plate_1_3dwh1.ply,0.00075348,0,0,0,0,0,0,0,0,0,0.182476,0.00597375,0,0,0,0,0,0,0,0,0,0.303409,0,0,0,0,0,0,0,0,0,0,0.0246508,0.000254715,0,0,0,0,0,0,0,0,0,0.00989252,0.000684907,0,0,0,0,0,0,0,0,0,0.174529,0.00541551,0,0,0,0,0,0,0,0,0,0.300672,0,0,0,0,0,0,0,0,0,0,0.0231881,0.000233613,0,0,0,0,0,0,0,0,0,0.00956901,0.000821196,0,0,0,0,0,0,0,0,0,0.179703,0.00639501,0,0,0,0,0,0,0,0,0,0.306793,0,0,0,0,0,0,0,0,0,0,0.0216051,0.000274176,0,0,0,0,0,0,0,0,0,0.00965301,0.000889294,0,0,0,0,0,0,0,0,0,0.179634,0.00697966,0,0,0,0,0,0,0,0,0,0.303212,0,0,0,0,0,0,0,0,0,0,0.021884,0.000297048,0,0,0,0,0,0,0,0,0,0.00961296,0.000889465,0,0,0,0,0,0,0,0,0,0.183548,0.00701325,0,0,0,0,0,0,0,0,0,0.305354,0,0,0,0,0,0,0,0,0,0,0.021601,0.000298355,0,0,0,0,0,0,0,0,0,0.00933815,0.000821492,0,0,0,0,0,0,0,0,0,0.179506,0.00645393,0,0,0,0,0,0,0,0,0,0.297121,0,0,0,0,0,0,0,0,0,0,0.0232662,0.000275877,0,0,0,0,0,0,0,0,0,0.0094848,0.000685709,0,0,0,0,0,0,0,0,0,0.177804,0.00541341,0,0,0,0,0,0,0,0,0,0.303644,0,0,0,0,0,0,0,0,0,0,0.023183,0.000238965,0,0,0,0,0,0,0,0,0,0.00960112,0.00075387,0,0,0,0,0,0,0,0,0,0.179268,0.0059795,0,0,0,0,0,0,0,0,0,0.307496,0,0,0,0,0,0,0,0,0,4.7014e-11,0.0230458,0.000256872,0,0,0,0,0,0,0,0,0,0.00968801,
rod1.ply,0.00380923,0.22064,0.0157547,0,0,0,0,0,0.0405697,0.247439,0.0496714,0.0425727,0.408687,0.0379701,0,0,0,0,0,0.0167295,0.0578636,0.0144593,0.00059882,0.0100155,0.000643558,0,0,0,0,0,0.0023689,0.0148005,0.00369745,0.00283429,0.0224422,0.000477447,0,0,0,0,0.00011551,0.00112261,0.00204341,0.00225036,6.44916e-05,0.00354773,0.000231724,0,0,0,0,0,0.00330305,0.00307859,0.00248798,0.00125155,0.00936638,0.000694937,0,0,0,0,0,0.000321771,0.000259576,0.00162777,0,0,0,0,0,0,0,0,0,0,0,0,0,0,0,0,0,0,0,0,0,0,0.000113053,0.00463311,0.000289229,0,0,0,0,0,0.00391267,0.00449213,0.00159018,0.000909675,0.009207,0.000702822,0,0,0,0,0,0.00246676,0.000237919,0.000187517,0,0,0,0,0,0,0,0,0,0,0,0,0,0,0,0,0,0,0,0,0,0,0.0400706,0.0647643,0.013675,0,0,0,0,0.000232901,0.106789,0.0874171,0.273927,0.266484,0.133291,0.0512142,0,0,0,0,0,0.0628373,0.0217765,0.0575722,0,0.00287272,0,0,0,0,0,0,0.0022721,0.00224054,0.0138354,0.0139958,0.00417207,0.00106191,0,0,0,0,0,0.00190802,0,0.000405904,0.0637177,0.0215656,0.0423224,0,0,0,0,5.80725e-05,0.0556592,0.125254,0.279162,0.296838,0.0937263,0.0732389,4.81542e-05,0,0,0,0,0.0164485,0.0665521,0.0417375,0.0010637,0,0.000585141,0,0,0,0,0,0.000667164,0.00337937,0.0151526,0.0141891,0.00291511,0.00146974,0,0,0,0,0,0,0.00280109,0,0.000113969,1.89719e-05,0.000450543,0,0,0,0,0,0.000829958,0.0113491,0.00262056,0.00259232,0.00415079,0.00168807,0,0,0,0,0,0.000404301,0.00639205,4.62441e-05,0,0,0,0,0,0,0,0,0,0,0,0,0,0,0,0,0,0,0,0,0,0,0.00189093,0.000264814,0.000188022,0,0,0,0,0,0.00155638,0.0103826,0.000556944,0.00299464,0.00502807,0.00110897,0,0,0,0,0,0.000404185,0.00572848,0,0,0,0,0,0,0,0,0,0,0,0,0,0,0,0,0,0,0,0,0,0,0,0.0148644,0.0569247,0.0116649,0,0,0,0,0,0.0430626,0.416989,0.0352435,0.0535034,0.246426,0.031177,0,0,0,0,0,0.0168082,0.22798,0.00305346,0.00242489,0.000784945,0.000689,0,0,0,0,0,0.00129182,0.0228445,0.00334689,0.00609705,0.0115818,0.000121846,0,0,0,0,0,0.000315876,0.0106679,0.000961503,
bowl_1_3dwh1.ply,0,0,0,0,0,0,0,0,0,0,0.19165,0,0,0,0,0,0,0,0,0,0,0.290228,0,0,0,0,0,0,0,0,0,2.01841e-08,0.0512103,0,0,0,0,0,0,0,0,0,0,0.0111455,0,0,0,0,0,0,0,0,0,0,0.191299,0,0,0,0,0,0,0,0,0,0,0.289001,0,0,0,0,0,0,0,0,0,2.5901e-08,0.0501732,0,0,0,0,0,0,0,0,0,0,0.010883,0,0,0,0,0,0,0,0,0,0,0.194562,0,0,0,0,0,0,0,0,0,0,0.284736,0,0,0,0,0,0,0,0,0,2.60177e-08,0.0494089,0,0,0,0,0,0,0,0,0,0,0.0105405,4.68945e-05,0,0,0,0,0,0,0,0,0,0.199971,0.000731849,0,0,0,0,0,0,0,0,0,0.29335,0,0,0,0,0,0,0,0,0,1.44089e-08,0.0463456,0,0,0,0,0,0,0,0,0,0,0.0102,9.35835e-05,0,0,0,0,0,0,0,0,0,0.200249,0.00192136,0,0,0,0,0,0,0,0,0,0.293292,0,0,0,0,0,0,0,0,0,1.76173e-08,0.0460433,0,0,0,0,0,0,0,0,0,0,0.01023,0,0,0,0,0,0,0,0,0,0,0.197985,0.000846837,0,0,0,0,0,0,0,0,0,0.286471,0,0,0,0,0,0,0,0,0,1.8259e-08,0.04624,0,0,0,0,0,0,0,0,0,0,0.0098848,0,0,0,0,0,0,0,0,0,0,0.197924,0,0,0,0,0,0,0,0,0,0,0.292763,0,0,0,0,0,0,0,0,0,2.12341e-08,0.0478073,0,0,0,0,0,0,0,0,0,0,0.010701,0,0,0,0,0,0,0,0,0,0,0.19611,0,0,0,0,0,0,0,0,0,0,0.289183,0,0,0,0,0,0,0,0,0,1.34755e-08,0.0493164,0,0,0,0,0,0,0,0,0,0,0.0105787,
bottle_1_3dwh2.ply,0.208598,2.21169e-05,0,0,0,0,0,0,0,0,0,0.286902,6.41047e-05,0,0,0,0,0,0,0,0,0,0.0485842,9.49912e-05,0,0,0,0,0,0,0,0,0,0.0663519,0.000286177,0,0,0,0,0,0,0,0,0,0.227722,5.46594e-05,0,0,0,0,0,0,0,0,0,0.289307,5.41715e-05,0,0,0,0,0,0,0,0,0,0.0564331,0.000660727,0,0,0,0,0,0,0,0,0,0.0448212,4.08524e-05,0,0,0,0,0,0,0,0,0,0.242863,5.99131e-05,0,0,0,0,0,0,0,0,0,0.285615,8.38317e-06,0,0,0,0,0,0,0,0,0,0.0470356,0.000271742,0,0,0,0,0,0,0,0,0,0.0519177,7.3049e-05,0,0,0,0,0,0,0,0,0,0.241097,3.98224e-05,0,0,0,0,0,0,0,0,0,0.300111,6.2845e-05,0,0,0,0,0,0,0,0,0,0.0697449,0.000449103,0,0,0,0,0,0,0,0,0,0.0504674,8.9298e-05,0,0,0,0,0,0,0,0,0,0.200082,8.05028e-06,0,0,0,0,0,0,0,0,0,0.25978,2.16021e-05,0,0,0,0,0,0,0,0,0,0.0939798,0.000573616,0,0,0,0,0,0,0,0,0,0.0683078,0.000102624,0,0,0,0,0,0,0,0,0,0.162425,3.25438e-06,0,0,0,0,0,0,0,0,0,0.244489,2.60102e-05,0,0,0,0,0,0,0,0,0,0.0756984,8.14858e-05,0,0,0,0,0,0,0,0,0,0.0932489,0.000247727,0,0,0,0,0,0,0,0,0,0.141267,1.67363e-06,0,0,0,0,0,0,0,0,0,0.215249,7.43158e-06,0,0,0,0,0,0,0,0,0,0.088837,7.29018e-05,0,0,0,0,0,0,0,0,0,0.121314,0.000326482,0,0,0,0,0,0,0,0,0,0.191037,3.15955e-06,0,0,0,0,0,0,0,0,0,0.245549,2.933e-05,0,0,0,0,0,0,0,0,0,0.0922501,0.000119363,0,0,0,0,0,0,0,0,0,0.0989544,0.000370954,0,0,0,0,0,0,0,0,0,
screwdriver_3_seg2.ply,0.0128329,0,0,0,0,0,0,0,0,0.000115647,0.385586,0.115055,3.42038e-05,0,0,0,0,0,0,0,7.02573e-05,0.277585,0,0,0,0,0,0,0,0,0,2.22234e-06,0.0202185,0.000909633,0,0,0,0,0,0,0,0,2.22176e-06,0.0202674,0,0,0,0,0,0,0,0,0,5.58156e-06,0.0200636,0.00637761,1.68136e-06,0,0,0,0,0,0,0,3.75356e-06,0.0128811,0,0,0,0,0,0,0,0,0,0,0,0,0,0,0,0,0,0,0,0,0,0,0,0,0,0,0,0,0,0,0,4.4552e-06,0.0151684,0.00121562,0,0,0,0,0,0,0,0,2.63771e-06,0.00767023,0,0,0,0,0,0,0,0,0,0,0,0,0,0,0,0,0,0,0,0,0,0,0.0279131,0,0,0,0,0,0,0,0,0.000118683,0.400679,0.227418,7.03484e-05,0,0,0,0,0,0,0,5.542e-05,0.221222,0,0,0,0,0,0,0,0,0,0,0.0101007,0.00856535,0,0,0,0,0,0,0,0,0,0.00504447,0.0254299,0,0,0,0,0,0,0,0,0.000125434,0.41197,0.22004,6.84287e-05,0,0,0,0,0,0,0,5.10466e-05,0.206455,0,0,0,0,0,0,0,0,0,0,0.00978871,0.008089,0,0,0,0,0,0,0,0,0,0.00439229,0,0,0,0,0,0,0,0,0,5.79596e-06,0.0190359,0.000404554,0,0,0,0,0,0,0,0,1.76373e-06,0.00948774,0,0,0,0,0,0,0,0,0,0,0,0,0,0,0,0,0,0,0,0,0,0,0,0,0,0,0,0,0,0,0,6.05126e-06,0.0185566,0.00643514,2.21591e-06,0,0,0,0,0,0,0,1.68603e-06,0.00880918,0,0,0,0,0,0,0,0,0,0,0,0,0,0,0,0,0,0,0,0,0,0,0.0117537,0,0,0,0,0,0,0,0,9.2261e-05,0.350039,0.113509,3.25715e-05,0,0,0,0,0,0,0,8.40371e-05,0.312016,0,0,0,0,0,0,0,0,0,4.44702e-06,0.0230231,0.000670423,0,0,0,0,0,0,0,0,5.72843e-05,0.0320642,
kitchenknife_5_3dwh1.ply,0.0438981,0,0,0,0,0,0,0,0,2.92188e-08,0.363937,0.367767,2.90393e-08,0,0,0,0,0,0,0,0,0.0430789,0,0,0,0,0,0,0,0,0,0,0.0131185,0.013366,0,0,0,0,0,0,0,0,0,0,0.0034104,5.13061e-11,0,0,0,0,0,0,0,3.38621e-09,0.0446615,0.0413408,2.97576e-09,0,0,0,0,0,0,0,0,0.00308113,0,0,0,0,0,0,0,0,0,0,0,0,0,0,0,0,0,0,0,0,0,0,0.00275851,0,0,0,0,0,0,0,0,3.43751e-09,0.0442739,0.0389098,2.92445e-09,0,0,0,0,0,0,0,0,0.00309019,0,0,0,0,0,0,0,0,0,0,0,0,0,0,0,0,0,0,0,0,0,0,0.0432962,1.28265e-10,0,0,0,0,0,0,0,2.52683e-08,0.327482,0.340857,2.72692e-08,0,0,0,0,0,0,0,0,0.0386755,0.00212372,0,0,0,0,0,0,0,0,1.30831e-09,0.0266463,0.0269308,1.28265e-09,0,0,0,0,0,0,0,0,0.00215288,0.0426789,1.28265e-10,0,0,0,0,0,0,0,2.67305e-08,0.348927,0.348033,2.75514e-08,0,0,0,0,0,0,0,0,0.0413507,0.00165136,0,0,0,0,0,0,0,0,8.20898e-10,0.0251798,0.0242735,8.20898e-10,0,0,0,0,0,0,0,0,0.00168382,0.00278882,0,0,0,0,0,0,0,0,2.77053e-09,0.0378338,0.0382427,3.05272e-09,0,0,0,0,0,0,0,0,0.00248828,0,0,0,0,0,0,0,0,0,0,0,0,0,0,0,0,0,0,0,0,0,0,0.00273016,5.13061e-11,0,0,0,0,0,0,0,2.30878e-09,0.0295574,0.0295423,2.25747e-09,0,0,0,0,0,0,0,0,0.00177303,0,0,0,0,0,0,0,0,0,0,0,0,0,0,0,0,0,0,0,0,0,0,0.0468757,2.82184e-10,0,0,0,0,0,0,0,2.71923e-08,0.338798,0.347972,2.80645e-08,0,0,0,0,0,0,0,0,0.041774,0.000223421,0,0,0,0,0,0,0,0,0,0.0169275,0.0174553,0,0,0,0,0,0,0,0,0,0,
coin1.ply,0.266219,5.07433e-11,0,0,0,0,0,0,0,0,0.00801148,0.273937,5.07433e-11,0,0,0,0,0,0,0,0,0.000870414,0.0359827,4.5669e-10,0,0,0,0,0,0,0,0,0.000735464,0.0341784,2.53717e-10,0,0,0,0,0,0,0,0,0,0.264073,5.07433e-11,0,0,0,0,0,0,0,0,0.00638028,0.27009,0,0,0,0,0,0,0,0,0,0.00080627,0.0370658,2.53717e-10,0,0,0,0,0,0,0,0,0.000571662,0.038366,5.07433e-11,0,0,0,0,0,0,0,0,0,0.256429,0,0,0,0,0,0,0,0,0,0.0141456,0.26981,0,0,0,0,0,0,0,0,0,0.00139736,0.0398409,5.58177e-10,0,0,0,0,0,0,0,0,0.000652732,0.0408962,0,0,0,0,0,0,0,0,0,0,0.154785,0,0,0,0,0,0,0,0,0,0.113796,0.253954,0,0,0,0,0,0,0,0,0,0.0141494,0.0331663,5.58177e-10,0,0,0,0,0,0,0,0,0.00775338,0.0403607,0,0,0,0,0,0,0,0,0,0,0.0745746,0,0,0,0,0,0,0,0,0,0.196413,0.25126,1.01487e-10,0,0,0,0,0,0,0,0,0.0245608,0.0233434,1.5223e-10,0,0,0,0,0,0,0,0,0.0133603,0.0373172,8.62637e-10,0,0,0,0,0,0,0,0,0,0.0660451,0,0,0,0,0,0,0,0,0,0.208433,0.250012,1.01487e-10,0,0,0,0,0,0,0,0,0.0257773,0.0203371,1.5223e-10,0,0,0,0,0,0,0,0,0.0135576,0.034157,3.55203e-10,0,0,0,0,0,0,0,0,0,0.117516,0,0,0,0,0,0,0,0,0,0.156901,0.257091,2.02973e-10,0,0,0,0,0,0,0,0,0.0199722,0.0206471,0,0,0,0,0,0,0,0,0,0.0114338,0.0317345,5.58177e-10,0,0,0,0,0,0,0,0,0,0.223925,0,0,0,0,0,0,0,0,0,0.0543675,0.27464,1.01487e-10,0,0,0,0,0,0,0,0,0.00667617,0.027457,0,0,0,0,0,0,0,0,0,0.00426795,0.0319487,4.05947e-10,0,0,0,0,0,0,0,0,0,
tablefork_19_3dwh1.ply,0,0,0,0,0,0,0,0,0,2.2479e-07,0.323509,0,0,0,0,0,0,0,0,0,2.69736e-07,0.363641,0,0,0,0,0,0,0,0,0,0,0.00972097,0,0,0,0,0,0,0,0,0,1.04316e-08,0.0284291,0,0,0,0,0,0,0,0,0,1.99376e-08,0.0274923,0,0,0,0,0,0,0,0,0,1.44808e-08,0.0201058,0,0,0,0,0,0,0,0,0,0,0,0,0,0,0,0,0,0,0,0,0,0,0,0,0,0,0,0,0,0,0,1.99569e-08,0.0277595,0,0,0,0,0,0,0,0,0,1.47315e-08,0.0206819,0,0,0,0,0,0,0,0,0,0,0,0,0,0,0,0,0,0,0,0,0,0,0,0,0,0,0,0,0,0,0,2.15939e-07,0.32262,0,0,0,0,0,0,0,0,0,2.98563e-07,0.397389,0,0,0,0,0,0,0,0,0,0,0.0066554,0,0,0,0,0,0,0,0,0,0,0.0204112,0,0,0,0,0,0,0,0,0,2.19352e-07,0.32462,0,0,0,0,0,0,0,0,0,2.88709e-07,0.391646,0,0,0,0,0,0,0,0,0,0,0.00691691,0,0,0,0,0,0,0,0,0,0,0.0178502,0,0,0,0,0,0,0,0,0,1.88771e-08,0.0263971,0,0,0,0,0,0,0,0,0,1.49821e-08,0.0203487,0,0,0,0,0,0,0,0,0,0,0,0,0,0,0,0,0,0,0,0,0,0,0,0,0,0,0,0,0,0,0,1.88192e-08,0.0258739,0,0,0,0,0,0,0,0,0,1.28997e-08,0.0179406,0,0,0,0,0,0,0,0,0,0,0,0,0,0,0,0,0,0,0,0,0,0,0,0,0,0,0,0,0,0,0,2.16498e-07,0.320823,0,0,0,0,0,0,0,0,0,2.64973e-07,0.363666,0,0,0,0,0,0,0,0,0,0,0.00984386,0,0,0,0,0,0,0,0,0,9.25536e-09,0.0295393,
spoon_1_3dwh1.ply,0.177929,1.92585e-06,0,0,0,0,0,0,0,0,0,0.440512,6.70548e-06,0,0,0,0,0,0,0,0,0,0.0479822,6.36084e-07,0,0,0,0,0,0,0,0,0,0.0128678,0,0,0,0,0,0,0,0,0,0,0.0152426,2.12973e-07,0,0,0,0,0,0,0,0,0,0.0208736,3.03401e-07,0,0,0,0,0,0,0,0,0,0,0,0,0,0,0,0,0,0,0,0,0,0,0,0,0,0,0,0,0,0,0,0.0178994,2.59719e-07,0,0,0,0,0,0,0,0,0,0.0199692,2.85952e-07,0,0,0,0,0,0,0,0,0,0,0,0,0,0,0,0,0,0,0,0,0,0,0,0,0,0,0,0,0,0,0,0.418453,6.00896e-06,0,0,0,0,0,0,0,0,0,0.309993,4.17467e-06,0,0,0,0,0,0,0,0,0,0.00737651,0,0,0,0,0,0,0,0,0,0,0.0112599,0,0,0,0,0,0,0,0,0,0,0.416875,5.98699e-06,0,0,0,0,0,0,0,0,0,0.307341,4.12664e-06,0,0,0,0,0,0,0,0,0,0.00720603,0,0,0,0,0,0,0,0,0,0,0.0111267,0,0,0,0,0,0,0,0,0,0,0.0176364,2.54002e-07,0,0,0,0,0,0,0,0,0,0.0202327,2.89198e-07,0,0,0,0,0,0,0,0,0,0,0,0,0,0,0,0,0,0,0,0,0,0,0,0,0,0,0,0,0,0,0,0.0159725,2.27638e-07,0,0,0,0,0,0,0,0,0,0.0204963,2.94718e-07,0,0,0,0,0,0,0,0,0,0,0,0,0,0,0,0,0,0,0,0,0,0,0,0,0,0,0,0,0,0,0,0.178892,1.9493e-06,0,0,0,0,0,0,0,0,0,0.441428,6.7142e-06,0,0,0,0,0,0,0,0,0,0.0471138,6.11746e-07,0,0,0,0,0,0,0,0,0,0.0126411,0,0,0,0,0,0,0,0,0,0,
chopstick_5_3dwh1.ply,0.290355,3.75536e-06,0,0,0,0,0,0,0,0,0,0.288872,3.84605e-06,0,0,0,0,0,0,0,0,0,0.0465417,5.88644e-07,0,0,0,0,0,0,0,0,0,0.0467026,5.76839e-07,0,0,0,0,0,0,0,0,0,0.0111751,2.71004e-08,0,0,0,0,0,0,0,0,0,0.0160778,4.77998e-08,0,0,0,0,0,0,0,0,0,0,0,0,0,0,0,0,0,0,0,0,0,0,0,0,0,0,0,0,0,0,0,0.0133317,2.85967e-08,0,0,0,0,0,0,0,0,0,0.0186148,6.95383e-08,0,0,0,0,0,0,0,0,0,0,0,0,0,0,0,0,0,0,0,0,0,0,0,0,0,0,0,0,0,0,0,0.397121,6.76458e-06,0,0,0,0,0,0,0,0,0,0.419818,7.04897e-06,0,0,0,0,0,0,0,0,0,0.00334661,0,0,0,0,0,0,0,0,0,0,0.00298969,0,0,0,0,0,0,0,0,0,0,0.400633,6.70851e-06,0,0,0,0,0,0,0,0,0,0.403507,6.58801e-06,0,0,0,0,0,0,0,0,0,0.00301339,0,0,0,0,0,0,0,0,0,0,0.00296077,0,0,0,0,0,0,0,0,0,0,0.0171234,4.23547e-08,0,0,0,0,0,0,0,0,0,0.0154166,3.87802e-08,0,0,0,0,0,0,0,0,0,0,0,0,0,0,0,0,0,0,0,0,0,0,0,0,0,0,0,0,0,0,0,0.0151546,5.20394e-08,0,0,0,0,0,0,0,0,0,0.0145929,5.05846e-08,0,0,0,0,0,0,0,0,0,0,0,0,0,0,0,0,0,0,0,0,0,0,0,0,0,0,0,0,0,0,0,0.288071,3.99523e-06,0,0,0,0,0,0,0,0,0,0.28687,4.01044e-06,0,0,0,0,0,0,0,0,0,0.0406948,4.84606e-07,0,0,0,0,0,0,0,0,0,0.0420516,5.15365e-07,0,0,0,0,0,0,0,0,0,
spoon_4_3dwh1.ply,0.0158834,0,0,0,0,0,0,0,0,3.22468e-09,0.347226,0.12077,1.1987e-09,0,0,0,0,0,0,0,1.78962e-09,0.218635,0,0,0,0,0,0,0,0,0,0,0.00376275,0.0133632,0,0,0,0,0,0,0,0,0,0.0128714,0.00910346,0,0,0,0,0,0,0,0,2.93767e-09,0.201152,0.0805019,1.11429e-09,0,0,0,0,0,0,0,1.65455e-09,0.134773,0,0,0,0,0,0,0,0,0,0,7.68377e-05,0.00319714,0,0,0,0,0,0,0,0,0,0.00172028,0.00915094,0,0,0,0,0,0,0,0,2.87014e-10,0.202557,0.0807725,4.38962e-10,0,0,0,0,0,0,0,5.57145e-10,0.133794,0,0,0,0,0,0,0,0,0,0,8.61284e-05,0.00319121,0,0,0,0,0,0,0,0,0,0.00174512,0.0152925,0,0,0,0,0,0,0,0,1.7052e-09,0.346337,0.117521,3.2078e-10,0,0,0,0,0,0,0,9.62341e-10,0.220269,2.41268e-05,0,0,0,0,0,0,0,0,0,0.00384669,0.0128757,0,0,0,0,0,0,0,0,0,0.0131812,0.0164865,0,0,0,0,0,0,0,0,9.45457e-10,0.349289,0.124388,7.93509e-10,0,0,0,0,0,0,0,1.09741e-09,0.218447,2.41391e-05,0,0,0,0,0,0,0,0,0,0.0038292,0.0140075,0,0,0,0,0,0,0,0,0,0.0129258,0.00912986,0,0,0,0,0,0,0,0,6.24677e-10,0.202286,0.0807576,4.38962e-10,0,0,0,0,0,0,0,4.38962e-10,0.136014,0,0,0,0,0,0,0,0,0,0,7.85967e-05,0.00319739,0,0,0,0,0,0,0,0,0,0.00173986,0.00901185,0,0,0,0,0,0,0,0,1.63767e-09,0.200753,0.0797179,8.77925e-10,0,0,0,0,0,0,0,1.43507e-09,0.13434,0,0,0,0,0,0,0,0,0,0,8.13306e-05,0.00315056,0,0,0,0,0,0,0,0,0,0.00172302,0.0158616,0,0,0,0,0,0,0,0,6.63508e-09,0.349315,0.120534,3.4104e-09,0,0,0,0,0,0,0,4.84547e-09,0.221273,2.43199e-05,0,0,0,0,0,0,0,0,0,0.00383477,0.0135042,0,0,0,0,0,0,0,0,0,0.0132617,
kitchenknife_5_3dwh3.ply,0.0519013,0,0,0,0,0,0,0,0,0,0.341428,0.342208,0,0,0,0,0,0,0,0,0,0.0508022,0.00537311,0,0,0,0,0,0,0,0,0,0.0395469,0.040778,0,0,0,0,0,0,0,0,0,0.00513609,0.0058129,0,0,0,0,0,0,0,0,0,0.0325904,0.0317788,0,0,0,0,0,0,0,0,0,0.00434468,0,0,0,0,0,0,0,0,0,0,0,0,0,0,0,0,0,0,0,0,0,0,0.00575991,0,0,0,0,0,0,0,0,0,0.0376939,0.0372698,0,0,0,0,0,0,0,0,0,0.00501379,0,0,0,0,0,0,0,0,0,0,0,0,0,0,0,0,0,0,0,0,0,0,0.061611,0,0,0,0,0,0,0,0,0,0.397572,0.392245,0,0,0,0,0,0,0,0,0,0.0577777,6.3627e-05,0,0,0,0,0,0,0,0,0,0.00965072,0.00941483,0,0,0,0,0,0,0,0,0,0,0.0512811,0,0,0,0,0,0,0,0,0,0.336852,0.353867,0,0,0,0,0,0,0,0,0,0.0484853,0,0,0,0,0,0,0,0,0,0,0.00660753,0.00706744,0,0,0,0,0,0,0,0,0,0,0.00975585,0,0,0,0,0,0,0,0,0,0.0459502,0.06358,0,0,0,0,0,0,0,0,0,0.00666155,0,0,0,0,0,0,0,0,0,0,0,0,0,0,0,0,0,0,0,0,0,0,0.00826312,0,0,0,0,0,0,0,0,0,0.0414878,0.0561079,0,0,0,0,0,0,0,0,0,0.00601481,0,0,0,0,0,0,0,0,0,0,0,0,0,0,0,0,0,0,0,0,0,0,0.0422272,0,0,0,0,0,0,0,0,0,0.296195,0.294888,0,0,0,0,0,0,0,0,0,0.042458,0,0,0,0,0,0,0,0,0,0,0.0106067,0.0107124,0,0,0,0,0,0,0,0,0,0,
spatula_1_3dwh1.ply,0.0408585,0,0,0,0,0,0,0,0,0,0.323729,0.300022,0,0,0,0,0,0,0,0,0,0.0618606,0.00618595,0,0,0,0,0,0,0,0,1.14181e-08,0.0563719,0.0508626,8.28483e-09,0,0,0,0,0,0,0,3.48612e-09,0.0116165,0.00153179,0,0,0,0,0,0,0,0,0,0.0193428,0.0163081,0,0,0,0,0,0,0,0,0,0.00367764,0,0,0,0,0,0,0,0,0,0,0,0,0,0,0,0,0,0,0,0,0,0,0.00167673,0,0,0,0,0,0,0,0,0,0.0187358,0.0174639,0,0,0,0,0,0,0,0,0,0.00349237,0,0,0,0,0,0,0,0,0,0,0,0,0,0,0,0,0,0,0,0,0,0,0.0541488,0,0,0,0,0,0,0,0,0,0.370409,0.382636,8.60945e-10,0,0,0,0,0,0,0,1.41138e-11,0.0782562,0,0,0,0,0,0,0,0,0,0,0.0144423,0.0181976,0,0,0,0,0,0,0,0,0,0.00177526,0.0535632,0,0,0,0,0,0,0,0,0,0.371437,0.379268,9.73856e-10,0,0,0,0,0,0,0,7.05692e-11,0.077708,0,0,0,0,0,0,0,0,0,0,0.0145356,0.018249,0,0,0,0,0,0,0,0,0,0.00174873,0.00159592,0,0,0,0,0,0,0,0,0,0.0189535,0.0170794,0,0,0,0,0,0,0,0,0,0.0033978,0,0,0,0,0,0,0,0,0,0,0,0,0,0,0,0,0,0,0,0,0,0,0.00156707,0,0,0,0,0,0,0,0,0,0.018761,0.0165526,0,0,0,0,0,0,0,0,0,0.00362875,0,0,0,0,0,0,0,0,0,0,0,0,0,0,0,0,0,0,0,0,0,0,0.0416233,0,0,0,0,0,0,0,0,0,0.320615,0.304111,0,0,0,0,0,0,0,0,0,0.0603251,0.00616511,0,0,0,0,0,0,0,0,1.24061e-08,0.0567074,0.051125,9.95026e-09,0,0,0,0,0,0,0,3.62726e-09,0.0111878,
metal_bowl_small1.ply,0,0,0,0,0,0,0,0,0,1.9394e-08,0.233766,0.0160877,1.30453e-09,0,0,0,0,0,0,0,2.08725e-08,0.273157,0,0,0,0,0,0,0,0,0,2.783e-09,0.0471953,0,0,0,0,0,0,0,0,0,0,0.0117695,0,0,0,0,0,0,0,0,0,1.86113e-08,0.224797,0.0116393,9.56657e-10,0,0,0,0,0,0,0,1.80025e-08,0.240179,0,0,0,0,0,0,0,0,0,0,0.0199533,0,0,0,0,0,0,0,0,0,0,0.00582745,0,0,0,0,0,0,0,0,0,1.97419e-08,0.234574,0.0113462,9.56657e-10,0,0,0,0,0,0,0,1.76547e-08,0.238994,0,0,0,0,0,0,0,0,0,0,0.021112,0,0,0,0,0,0,0,0,0,0,0.0054808,0,0,0,0,0,0,0,0,0,1.89592e-08,0.230809,0.000442401,0,0,0,0,0,0,0,0,2.2264e-08,0.289376,0,0,0,0,0,0,0,0,0,2.08725e-09,0.0461986,0,0,0,0,0,0,0,0,0,0,0.0116669,0,0,0,0,0,0,0,0,0,1.91331e-08,0.23292,0,0,0,0,0,0,0,0,0,2.25249e-08,0.292511,0,0,0,0,0,0,0,0,0,2.17422e-09,0.0456178,0,0,0,0,0,0,0,0,0,0,0.0114453,0,0,0,0,0,0,0,0,0,1.88722e-08,0.22786,0,0,0,0,0,0,0,0,0,1.9568e-08,0.2593,0,0,0,0,0,0,0,0,0,0,0.0198299,0,0,0,0,0,0,0,0,0,0,0.00588701,0,0,0,0,0,0,0,0,0,1.88722e-08,0.227557,0.00028394,0,0,0,0,0,0,0,0,1.88722e-08,0.251535,0,0,0,0,0,0,0,0,0,0,0.0202161,0,0,0,0,0,0,0,0,0,0,0.00570982,0,0,0,0,0,0,0,0,0,1.91331e-08,0.231351,0.0129596,1.04363e-09,0,0,0,0,0,0,0,2.07855e-08,0.272531,0,0,0,0,0,0,0,0,0,2.00028e-09,0.0457846,0,0,0,0,0,0,0,0,0,0,0.0115416,
chopstick_2_3dwh1.ply,0.00067425,0,0,0,0.015677,0.379594,5.66782e-05,0,0,6.94558e-06,0.0104752,0.0134098,9.34431e-06,0,0,0.0155464,0.378401,0,0,0,1.39451e-06,0.0027729,7.34071e-05,0,0,0,0.00156714,0.0491308,0.000521867,0,0,2.18815e-06,0.00181424,0.000400575,2.0968e-07,0,7.15703e-05,0.00162616,0.0491305,0.000349789,0,0,9.22027e-07,0.00158034,0.000140758,0,0,0,9.10769e-05,0.0024762,0,0,0,6.26481e-06,0.00923967,0.00600708,3.82724e-06,0,0,0,0.000663918,0,0,0,3.1285e-06,0.00461435,0,0,0,0,0,0,0,0,0,0,0,0,0,0,0,0,0,0,0,0,0,0,0.000161165,0,0,0,0.000182761,0.00405409,0,0,0,5.24281e-06,0.00812531,0.00665378,4.53559e-06,0,0,2.28789e-05,0.00105659,0,0,0,3.84435e-06,0.00553435,0,0,0,0,0,0,0,0,0,0,0,0,0,0,0,0,0,0,0,0,0,0,0.025389,0,0,0,0.00922771,0.221208,9.43336e-07,0,0,0.00016599,0.248636,0.200658,0.0001376,0,0,0.00837466,0.204106,0,0,0,4.21102e-05,0.0903693,0,0,0,0,0,0.00579479,0,0,0,0,0.00748836,0.00693378,0,0,0,0,0.00426037,0,0,0,0,0.00216638,0.0287034,0,0,0,0.00259703,0.215354,0.00632341,0,0,0.000168349,0.250681,0.220086,0.000155002,0,0,0.00237609,0.193275,0.00504586,0,0,3.50515e-05,0.0830971,0,0,0,0,0,0.00623571,0,0,0,0,0.00698822,0.00786767,0,0,0,0,0.00374137,0,0,0,0,0.00155524,0.000209559,0,0,0,2.28572e-05,0.00315423,0.000114311,0,0,6.63553e-06,0.00975596,0.00521846,3.49675e-06,0,0,2.28752e-05,0.00352132,0.000114169,0,0,1.40026e-06,0.00257488,0,0,0,0,0,0,0,0,0,0,0,0,0,0,0,0,0,0,0,0,0,0,0.00018856,0,0,0,0,0.0030072,0.000113671,0,0,5.93046e-06,0.00871348,0.00652091,4.5324e-06,0,0,0,0.00181586,4.55021e-05,0,0,1.73389e-06,0.00259484,0,0,0,0,0,0,0,0,0,0,0,0,0,0,0,0,0,0,0,0,0,0,0.000395324,0,0,0,0.0062437,0.381735,0.00940653,0,0,4.17389e-06,0.00624536,0.0094182,6.23386e-06,0,5.67095e-05,0.00680212,0.38759,0.00949625,0,0,0,0.000626866,0,0,0,7.44545e-05,0.000970957,0.0519167,0.00112825,0,0,0,0.000367231,7.3938e-05,0,1.36835e-05,0.000386341,0.00138975,0.0516799,0.00137376,1.23206e-05,0,1.3558e-07,0.000615294,
mug_1_3dwh2.ply,0.0302744,0,0,0,0,0,0,0,0,5.25313e-08,0.325576,0.308982,5.17773e-08,0,0,0,0,0,0,0,1.00538e-08,0.0866912,0,0,0,0,0,0,0,0,0,0,0.00580251,0.00600484,0,0,0,0,0,0,0,0,0,0.000218388,0.0119476,0,0,0,0,0,0,0,0,2.84021e-08,0.174173,0.163056,2.6894e-08,0,0,0,0,0,0,0,4.77558e-09,0.0395493,0,0,0,0,0,0,0,0,0,0,0,0,0,0,0,0,0,0,0,0,0,0,0.0116209,0,0,0,0,0,0,0,0,2.78994e-08,0.172753,0.161674,2.66427e-08,0,0,0,0,0,0,0,5.02692e-09,0.0408402,0,0,0,0,0,0,0,0,0,0,0,0,0,0,0,0,0,0,0,0,0,0,0.0299968,0,0,0,0,0,0,0,0,5.1526e-08,0.319333,0.310769,5.17773e-08,0,0,0,0,0,0,0,1.08079e-08,0.0922928,0,0,0,0,0,0,0,0,0,0,0.00563525,0.00540016,0,0,0,0,0,0,0,0,0,0.000114906,0.0369194,0,0,0,0,0,0,0,0,6.20825e-08,0.348938,0.301324,5.42908e-08,0,0,0,0,0,0,0,9.29981e-09,0.0941612,0.00648754,0,0,0,0,0,0,0,0,7.79173e-09,0.0713285,0.0715577,8.79712e-09,0,0,0,0,0,0,0,7.54038e-10,0.0121248,0,0,0,0,0,0,0,0,0,0,0.00252875,0.00176732,0,0,0,0,0,0,0,0,0,0,0,0,0,0,0,0,0,0,0,0,0.000429494,0.000512852,0,0,0,0,0,0,0,0,0,2.11889e-05,0,0,0,0,0,0,0,0,0,0,0.00235899,0.00179467,0,0,0,0,0,0,0,0,0,0,0,0,0,0,0,0,0,0,0,0,0.000518975,0.000553711,0,0,0,0,0,0,0,0,0,0,0.036177,0,0,0,0,0,0,0,0,6.50987e-08,0.358645,0.293467,5.27827e-08,0,0,0,0,0,0,0,2.51346e-09,0.062064,0.00682527,0,0,0,0,0,0,0,0,9.8025e-09,0.0827558,0.0741603,9.29981e-09,0,0,0,0,0,0,0,2.51346e-10,0.00893826,
tablefork_13_3dwh1.ply,0.0313721,0,0,0,0,0,0,0,0,5.10496e-10,0.338956,0.250349,5.38856e-10,0,0,0,0,0,0,0,5.67217e-11,0.145676,0,0,0,0,0,0,0,0,0,2.83609e-11,0.0200085,0.0112752,0,0,0,0,0,0,0,0,0,0.00979808,0.0012839,0,0,0,0,0,0,0,0,6.523e-10,0.0261428,0.0173196,4.53774e-10,0,0,0,0,0,0,0,1.98526e-10,0.00997684,0,0,0,0,0,0,0,0,0,0,0,0,0,0,0,0,0,0,0,0,0,0,0.00188433,0,0,0,0,0,0,0,0,0,0.0347151,0.0231916,0,0,0,0,0,0,0,0,0,0.0134921,0,0,0,0,0,0,0,0,0,0,0,0,0,0,0,0,0,0,0,0,0,0,0.0419828,0,0,0,0,0,0,0,0,1.46342e-08,0.421612,0.322256,1.0607e-08,0,0,0,0,0,0,0,3.1906e-09,0.1407,0,0,0,0,0,0,0,0,0,0,0.0173313,0.0126377,0,0,0,0,0,0,0,0,0,0.00421443,0.0371925,0,0,0,0,0,0,0,0,7.71416e-09,0.37673,0.29474,7.28874e-09,0,0,0,0,0,0,0,1.67329e-09,0.114851,0,0,0,0,0,0,0,0,0,0,0.0163998,0.0119306,0,0,0,0,0,0,0,0,0,0.00385473,0.0017311,0,0,0,0,0,0,0,0,0,0.0345656,0.0227066,0,0,0,0,0,0,0,0,0,0.0126707,0,0,0,0,0,0,0,0,0,0,0,0,0,0,0,0,0,0,0,0,0,0,0.00120732,0,0,0,0,0,0,0,0,4.82135e-10,0.0258401,0.0171876,3.97052e-10,0,0,0,0,0,0,0,3.4033e-10,0.0102411,0,0,0,0,0,0,0,0,0,0,0,0,0,0,0,0,0,0,0,0,0,0,0.0369062,0,0,0,0,0,0,0,0,2.55248e-10,0.376989,0.276551,2.26887e-10,0,0,0,0,0,0,0,0,0.159879,0,0,0,0,0,0,0,0,0,1.41804e-11,0.0209618,0.0124749,0,0,0,0,0,0,0,0,0,0.00949621,
pen_1_3dwh2.ply,0.0339473,0,0,0,0.0248014,0.00308318,0.00622541,0,0,0.000501583,0.356328,0.325395,0.000381042,0,0,0.0378334,0.00437086,0.00282651,0,0,3.60299e-05,0.055474,0.00122242,0,0,0,0.00166408,0.00011501,0.00107598,0,0,2.08117e-05,0.0212544,0.0168092,1.65365e-05,0,0,0.0024417,0.00020831,0.000364595,0,0,1.69071e-06,0.00457679,0.00217505,0,0,0,0.00402022,0.000437952,0,0,0,3.96483e-05,0.0448727,0.0417537,4.52907e-05,0,0,0.00343061,0.00032276,0,0,0,4.72205e-06,0.00528885,0,0,0,0,0,0,0,0,0,0,0,0,0,0,0,0,0,0,0,0,0,0,0.00241421,0,0,0,0.00349113,0.000368586,0,0,0,8.30179e-05,0.0487827,0.0438769,5.44789e-05,0,0,0.00431951,0.000460717,0,0,0,5.82796e-06,0.00533367,0,0,0,0,0,0,0,0,0,0,0,0,0,0,0,0,0,0,0,0,0,0,0.0340257,0,0,0,0.0347784,0.00443006,0.011412,0,0,0.00054241,0.368105,0.33052,0.000304356,0,0,0.0565966,0.00664377,0.00492207,0,0,4.88199e-05,0.0560336,0,0,0,0,0.00122399,0,0.000212564,0,0,0,0.0098991,0.00900092,0,0,0,0.00185618,0,0,0,0,0,0.000646612,0.0373139,1.61692e-05,0,0,0.00349471,0.00805496,0.069507,0,0,0.000451337,0.337471,0.348485,0.000328117,0,0,0.00994787,0.00567554,0.0464486,0,0,7.88001e-07,0.0482938,6.46607e-06,0,0,0,0,0,0.00212471,0,0,0,0.00929749,0.00882943,0,0,0,0.000140642,0,0.00203784,0,0,0,0.000525341,0.00246687,1.14471e-06,0,0,0,0.000784153,0.00724199,0,0,4.03124e-05,0.0425346,0.0417069,7.85888e-05,0,0,1.35364e-05,0.000507236,0.00512698,0,0,3.35607e-07,0.00492385,0,0,0,0,0,0,0,0,0,0,0,0,0,0,0,0,0,0,0,0,0,0,0.00286855,5.34941e-06,0,0,0,0.000253502,0.00267872,0,0,6.0388e-05,0.0453995,0.043644,4.58619e-05,0,0,6.41484e-06,0.000322663,0.00317795,0,0,9.72463e-08,0.0049634,0,0,0,0,0,0,0,0,0,0,0,0,0,0,0,0,0,0,0,0,0,0,0.0363319,8.0301e-06,0,0,0.00223036,0.00375171,0.0328081,0,0,0.000410478,0.348968,0.340112,0.000440234,0,0,0.00510819,0.00324413,0.0266424,0,0,3.23807e-06,0.0502431,0.00144281,0,0,0,0.000124744,0.000367426,0.00399045,0,0,1.47648e-05,0.0197167,0.0177061,2.37482e-05,0,0,0.000647467,0.000253074,0.00307184,0,0,2.75464e-06,0.00366757,
meshspatula_1_3dwh2.ply,0.00382061,0,0,0,0,0,0,0,0,9.41738e-07,0.438001,0.0315631,6.96888e-08,0,0,0,0,0,0,0,4.42887e-07,0.25718,0,0,0,0,0,0,0,0,0,3.02692e-08,0.0461565,0,0,0,0,0,0,0,0,0,0,0.00733871,0.00859764,0,0,0,0,0,0,0,0,5.4589e-08,0.0377272,0.0672519,1.53068e-07,0,0,0,0,0,0,0,1.49224e-07,0.0725585,0,0,0,0,0,0,0,0,0,0,3.41169e-06,0,0,0,0,0,0,0,0,0,0,2.9186e-06,0.0108992,0,0,0,0,0,0,0,0,0,0.0114961,0.0953011,1.98263e-07,0,0,0,0,0,0,0,1.60618e-07,0.0708503,0,0,0,0,0,0,0,0,0,0,0,8.07398e-06,0,0,0,0,0,0,0,0,0,0,0.0356155,0,0,0,0,0,0,0,0,7.94549e-07,0.350714,0.273549,6.08933e-07,0,0,0,0,0,0,0,1.70099e-07,0.125598,0,0,0,0,0,0,0,0,0,1.38647e-08,0.0331515,0.00149688,0,0,0,0,0,0,0,0,2.2267e-09,0.00206015,0.0353769,0,0,0,0,0,0,0,0,7.86912e-07,0.347377,0.271846,6.01401e-07,0,0,0,0,0,0,0,1.75214e-07,0.127537,5.68361e-05,0,0,0,0,0,0,0,0,1.11509e-08,0.0323814,0.00182694,1.54825e-09,0,0,0,0,0,0,0,3.39224e-09,0.00205339,0.0109793,0,0,0,0,0,0,0,0,0,0.0115847,0.0958599,1.98837e-07,0,0,0,0,0,0,0,1.61697e-07,0.0716238,0,0,0,0,0,0,0,0,0,0,0,7.60869e-06,0,0,0,0,0,0,0,0,0,0,0.00863339,0,0,0,0,0,0,0,0,5.89728e-08,0.039659,0.0679357,1.53712e-07,0,0,0,0,0,0,0,1.49833e-07,0.0736087,0,0,0,0,0,0,0,0,0,0,3.08501e-06,0,0,0,0,0,0,0,0,0,0,4.50741e-06,0.00376107,0,0,0,0,0,0,0,0,9.36606e-07,0.436162,0.0310625,6.8558e-08,0,0,0,0,0,0,0,4.34381e-07,0.253955,0,0,0,0,0,0,0,0,0,2.72597e-08,0.0452338,0,0,0,0,0,0,0,0,0,0,0.00695025,
bottle_1_3dwh1.ply,0.0112727,0,0,0,0,0,0,0,0,1.88515e-06,0.237788,0.245328,4.85759e-06,0,0,0,0,0,0,0,0,0.0102446,0.0108566,0,0,0,0,0,0,0,0,0.000226586,0.135172,0.123112,0.000248303,0,0,0,0,0,0,0,0,0.0124475,0.0114915,0,0,0,0,0,0,0,0,2.55236e-08,0.197907,0.200017,2.41942e-08,0,0,0,0,0,0,0,0,0.0111277,0,0,0,0,0,0,0,0,0,0,0.00958412,0.00949036,0,0,0,0,0,0,0,0,0,0,0.0111656,0,0,0,0,0,0,0,0,2.41942e-08,0.186214,0.198728,2.41942e-08,0,0,0,0,0,0,0,0,0.0101374,0,0,0,0,0,0,0,0,0,0,0.00766333,0.00844414,0,0,0,0,0,0,0,0,0,8.06398e-06,0.0186401,0,0,0,0,0,0,0,0,0.00010834,0.305857,0.298167,9.24792e-05,0,0,0,0,0,0,0,6.68664e-08,0.0209684,0.00527205,0,0,0,0,0,0,0,0,0.0001275,0.0793983,0.0753249,0.000105391,0,0,0,0,0,0,0,2.92458e-09,0.00715542,0.0181674,0,0,0,0,0,0,0,0,9.79281e-05,0.302456,0.293113,0.000103455,0,0,0,0,0,0,0,0,0.0191612,0.00553929,0,0,0,0,0,0,0,0,0.000113194,0.0800109,0.0778628,0.000131157,0,0,0,0,0,0,0,0,0.00574187,0.0112383,0,0,0,0,0,0,0,0,2.76505e-08,0.195966,0.197682,2.84481e-08,0,0,0,0,0,0,0,0,0.0108671,0,0,0,0,0,0,0,0,0,0,0.00862177,0.00883545,0,0,0,0,0,0,0,0,0,0,0.0106429,0,0,0,0,0,0,0,0,2.39283e-08,0.1934,0.191914,2.44601e-08,0,0,0,0,0,0,0,0,0.0104434,0,0,0,0,0,0,0,0,0,0,0.00920394,0.00895722,0,0,0,0,0,0,0,0,0,0,0.0112817,0,0,0,0,0,0,0,0,2.12244e-06,0.240716,0.250213,2.00294e-06,0,0,0,0,0,0,0,0,0.0108746,0.012587,0,0,0,0,0,0,0,0,0.000219607,0.132957,0.13418,0.000247189,0,0,0,0,0,0,0,0,0.0121393,
scissor1_2.ply,0,0,0,0,0,0,0,0,0,4.99302e-07,0.136677,0,0,0,0,0,0,0,0,0,6.33289e-07,0.157189,0,0,0,0,0,0,0,0,0,3.51955e-07,0.0831857,0,0,0,0,0,0,0,0,0,2.29419e-07,0.066652,0,0,0,0,0,0,0,0,0,9.97078e-07,0.254665,0,0,0,0,0,0,0,0,0,9.81427e-07,0.254714,0,0,0,0,0,0,0,0,0,0,0.0101649,0,0,0,0,0,0,0,0,0,0,0.00661647,0,0,0,0,0,0,0,0,0,5.97407e-07,0.157382,0,0,0,0,0,0,0,0,0,6.1573e-07,0.163369,0,0,0,0,0,0,0,0,0,0,5.8219e-05,0,0,0,0,0,0,0,0,0,0,9.1713e-05,0,0,0,0,0,0,0,0,0,1.39331e-06,0.36554,0,0,0,0,0,0,0,0,0,1.52692e-06,0.389826,0,0,0,0,0,0,0,0,0,0,0.0101999,0,0,0,0,0,0,0,0,0,0,0.0100156,0,0,0,0,0,0,0,0,0,1.48989e-06,0.375069,0,0,0,0,0,0,0,0,0,1.0822e-06,0.302626,0,0,0,0,0,0,0,0,0,0,0.0108548,0,0,0,0,0,0,0,0,0,0,0.00627226,0,0,0,0,0,0,0,0,0,6.5543e-07,0.173783,0,0,0,0,0,0,0,0,0,6.51994e-07,0.169676,0,0,0,0,0,0,0,0,0,0,0,0,0,0,0,0,0,0,0,0,0,6.10744e-05,0,0,0,0,0,0,0,0,0,1.05166e-06,0.270617,0,0,0,0,0,0,0,0,0,1.10892e-06,0.281704,0,0,0,0,0,0,0,0,0,0,0.00975259,0,0,0,0,0,0,0,0,0,0,0.0115303,0,0,0,0,0,0,0,0,0,3.63407e-07,0.102096,0,0,0,0,0,0,0,0,0,4.77925e-07,0.123476,0,0,0,0,0,0,0,0,0,2.28274e-07,0.0564254,0,0,0,0,0,0,0,0,0,3.16836e-07,0.0710087,
meshspatula_1_3dwh1.ply,0.112928,4.97831e-09,0,0,0,0,0,0,0,2.26927e-08,0.302177,0.377651,2.73015e-08,0,0,0,0,0,0,0,0,0.0388165,0.00328097,3.51824e-11,0,0,0,0,0,0,0,5.27736e-11,0.0126337,0.0159926,1.05547e-10,0,0,0,0,0,0,0,0,8.45898e-05,0.00812924,2.63868e-10,0,0,0,0,0,0,0,8.09195e-10,0.0164957,0.0233311,1.0027e-09,0,0,0,0,0,0,0,0,0.000931522,0,0,0,0,0,0,0,0,0,0,0,0,0,0,0,0,0,0,0,0,0,0,0.00801043,3.34233e-10,0,0,0,0,0,0,0,7.91604e-10,0.0174198,0.0240109,1.23138e-09,0,0,0,0,0,0,0,0,0.000937221,0,0,0,0,0,0,0,0,0,0,0,0,0,0,0,0,0,0,0,0,0,0,0.117596,5.08386e-09,0,0,0,0,0,0,0,2.17075e-08,0.301062,0.377195,2.60174e-08,0,0,0,0,0,0,0,0,0.0386044,0.00330467,0,0,0,0,0,0,0,0,0,0.0114745,0.0147408,0,0,0,0,0,0,0,0,0,0,0.117073,5.36532e-09,0,0,0,0,0,0,0,2.44342e-08,0.298539,0.382527,2.90079e-08,0,0,0,0,0,0,0,0,0.0382315,0.00322412,0,0,0,0,0,0,0,0,0,0.0114734,0.0147794,0,0,0,0,0,0,0,0,0,0,0.00735814,3.16642e-10,0,0,0,0,0,0,0,1.03788e-09,0.0172294,0.0238857,1.51284e-09,0,0,0,0,0,0,0,0,0.000978258,0,0,0,0,0,0,0,0,0,0,0,0,0,0,0,0,0,0,0,0,0,0,0.00767702,3.34233e-10,0,0,0,0,0,0,0,8.97151e-10,0.0171304,0.0234972,1.49525e-09,0,0,0,0,0,0,0,0,0.000958029,0,0,0,0,0,0,0,0,0,0,0,0,0,0,0,0,0,0,0,0,0,0,0.113452,5.34773e-09,0,0,0,0,0,0,0,2.38009e-08,0.301748,0.377247,3.03976e-08,0,0,0,0,0,0,0,0,0.0387007,0.00339579,7.03648e-11,0,0,0,0,0,0,0,7.03648e-11,0.0127404,0.0156216,5.27736e-11,0,0,0,0,0,0,0,0,0.000112898,
ladle_1_3dwh2.ply,0,0,0,0,0,0,0,0,0,2.49786e-06,0.336153,0,0,0,0,0,0,0,0,0,2.57691e-06,0.360173,0,0,0,0,0,0,0,0,0,0,0.0235652,0,0,0,0,0,0,0,0,0,0,0.00371594,0,0,0,0,0,0,0,0,0,0,0.00794065,0,0,0,0,0,0,0,0,0,7.61054e-07,0.098862,0,0,0,0,0,0,0,0,0,0,0,0,0,0,0,0,0,0,0,0,0,0,0,0,0,0,0,0,0,0,0,2.91018e-08,0.0143385,0,0,0,0,0,0,0,0,0,7.93373e-07,0.0998941,0,0,0,0,0,0,0,0,0,0,0,0,0,0,0,0,0,0,0,0,0,0,0,0,0,0,0,0,0,0,0,2.94754e-06,0.382744,0,0,0,0,0,0,0,0,0,2.03604e-06,0.301086,0,0,0,0,0,0,0,0,0,7.89456e-08,0.0305627,0,0,0,0,0,0,0,0,0,0,0.00555346,0,0,0,0,0,0,0,0,0,2.93851e-06,0.382255,0,0,0,0,0,0,0,0,0,2.04185e-06,0.301281,0,0,0,0,0,0,0,0,0,1.10286e-07,0.0288291,0,0,0,0,0,0,0,0,0,0,0.00516491,0,0,0,0,0,0,0,0,0,2.89619e-08,0.0144582,0,0,0,0,0,0,0,0,0,7.78088e-07,0.0982124,0,0,0,0,0,0,0,0,0,0,0,0,0,0,0,0,0,0,0,0,0,0,0,0,0,0,0,0,0,0,0,0,0.00825487,0,0,0,0,0,0,0,0,0,8.10233e-07,0.104543,0,0,0,0,0,0,0,0,0,0,0,0,0,0,0,0,0,0,0,0,0,0,0,0,0,0,0,0,0,0,0,2.49149e-06,0.334651,0,0,0,0,0,0,0,0,0,2.54511e-06,0.35695,0,0,0,0,0,0,0,0,0,0,0.0236297,0,0,0,0,0,0,0,0,0,0,0.00361535,
fyingpan_4_3dwh2.ply,0.0489003,1.44105e-09,0,0,0,0,0,0,0,1.40797e-08,0.154034,0.305876,2.43443e-08,0,0,0,0,0,0,0,0,0.019656,0.00183185,0,0,0,0,0,0,0,0,3.20102e-09,0.0532518,0.0133188,0,0,0,0,0,0,0,0,0,0.00367958,0.0477483,9.33138e-10,0,0,0,0,0,0,0,1.02409e-08,0.155036,0.308816,2.01038e-08,0,0,0,0,0,0,0,0,0.0198522,0.00163991,0,0,0,0,0,0,0,0,2.26788e-09,0.0504904,0.0134499,0,0,0,0,0,0,0,0,0,0.00334186,0.0476458,1.193e-09,0,0,0,0,0,0,0,1.17528e-08,0.154624,0.309324,2.17929e-08,0,0,0,0,0,0,0,0,0.0197406,0.00162888,0,0,0,0,0,0,0,0,2.27969e-09,0.0509393,0.0134475,0,0,0,0,0,0,0,0,0,0.00341048,0.0488629,9.21326e-10,0,0,0,0,0,0,0,1.0359e-08,0.154087,0.309333,1.54381e-08,0,0,0,0,0,0,0,0,0.0196824,0.0017766,0,0,0,0,0,0,0,0,2.75217e-09,0.0523873,0.0134215,0,0,0,0,0,0,0,0,0,0.00356567,0.0491679,2.12614e-10,0,0,0,0,0,0,0,3.29551e-09,0.151804,0.310047,8.30375e-09,0,0,0,0,0,0,0,0,0.0193146,0.00179127,0,0,0,0,0,0,0,0,1.07488e-09,0.0560013,0.0135327,0,0,0,0,0,0,0,0,0,0.00400635,0.0502811,4.72475e-10,0,0,0,0,0,0,0,2.05527e-09,0.147197,0.313065,1.59815e-08,0,0,0,0,0,0,0,0,0.0188129,0.00190271,0,0,0,0,0,0,0,0,6.14217e-10,0.0546553,0.0137904,0,0,0,0,0,0,0,0,0,0.00393152,0.0504838,1.31112e-09,0,0,0,0,0,0,0,1.1552e-08,0.143401,0.313304,2.40372e-08,0,0,0,0,0,0,0,0,0.0182107,0.00193385,0,0,0,0,0,0,0,0,2.51593e-09,0.0510559,0.0136363,0,0,0,0,0,0,0,0,0,0.00353037,0.0488625,1.13394e-09,0,0,0,0,0,0,0,1.18473e-08,0.154895,0.310389,2.16512e-08,0,0,0,0,0,0,0,0,0.019766,0.00175739,0,0,0,0,0,0,0,0,3.13015e-09,0.0558175,0.0135945,0,0,0,0,0,0,0,0,0,0.00394123,
bottle_8_3dwh2.ply,0.0206864,0,0,0,0,0,0,0,0,0.000107917,0.303815,0.304449,0.000107654,0,0,0,0,0,0,0,3.3011e-06,0.0284863,0.00651222,0,0,0,0,0,0,0,0,6.66352e-05,0.0586085,0.0742422,0.000109711,0,0,0,0,0,0,0,0,0.00532697,0.00472516,0,0,0,0,0,0,0,0,3.27091e-05,0.0961262,0.0856713,2.92466e-05,0,0,0,0,0,0,0,3.28505e-06,0.0148229,0,0,0,0,0,0,0,0,0,0,0,0,0,0,0,0,0,0,0,0,0,0,0.00515194,0,0,0,0,0,0,0,0,2.93598e-05,0.0866903,0.104255,3.59719e-05,0,0,0,0,0,0,0,0,0.00522502,0,0,0,0,0,0,0,0,0,0,0,0,0,0,0,0,0,0,0,0,0,0,0.0283983,0,0,0,0,0,0,0,0,0.00154171,0.376734,0.345958,0.000777919,0,0,0,0,0,0,0,0,0.0301328,0,0,0,0,0,0,0,0,0,0,0.0232881,0.022642,0,0,0,0,0,0,0,0,0,0,0.0318806,0,0,0,0,0,0,0,0,0.00965367,0.349626,0.379316,0.000616126,0,0,0,0,0,0,0,0.00147667,0.0432846,0,0,0,0,0,0,0,0,0,0.00111955,0.0186537,0.0200342,0,0,0,0,0,0,0,0,0,0.00202824,0.00348689,0,0,0,0,0,0,0,0,3.27794e-05,0.0968789,0.0796853,2.622e-05,0,0,0,0,0,0,0,0,0.00506364,0,0,0,0,0,0,0,0,0,0,0,0,0,0,0,0,0,0,0,0,0,0,0.00543588,0,0,0,0,0,0,0,0,3.25783e-05,0.0968939,0.0980908,3.26166e-05,0,0,0,0,0,0,0,0,0.0065812,0,0,0,0,0,0,0,0,0,0,0.000142554,0.000129494,0,0,0,0,0,0,0,0,0,0,0.020421,0,0,0,0,0,0,0,0,0.00011443,0.320268,0.300281,0.000107644,0,0,0,0,0,0,0,0,0.0204131,0.00485165,0,0,0,0,0,0,0,0,0.000139946,0.0574422,0.058858,0.000335255,0,0,0,0,0,0,0,0,0.00499485,
pen_1_3dwh1.ply,0.038477,0,0,0,0,0,0,0,0,1.78917e-07,0.355027,0.352104,1.75433e-07,0,0,0,0,0,0,0,0,0.0385773,0,0,0,0,0,0,0,0,0,0,0.0143293,0.0145547,0,0,0,0,0,0,0,0,0,0,0.00377593,0,0,0,0,0,0,0,0,2.4978e-08,0.0523886,0.0524735,2.5138e-08,0,0,0,0,0,0,0,0,0.0038338,0,0,0,0,0,0,0,0,0,0,0,0,0,0,0,0,0,0,0,0,0,0,0.0043793,0,0,0,0,0,0,0,0,2.61869e-08,0.0550287,0.0575599,2.77336e-08,0,0,0,0,0,0,0,0,0.0041268,0,0,0,0,0,0,0,0,0,0,0,0,0,0,0,0,0,0,0,0,0,0,0.0362966,0,0,0,0,0,0,0,0,1.7161e-07,0.346254,0.346927,1.70597e-07,0,0,0,0,0,0,0,0,0.0361166,0.00102877,0,0,0,0,0,0,0,0,4.03559e-09,0.0201013,0.0197435,3.89337e-09,0,0,0,0,0,0,0,0,0.0010828,0.0349247,4.97782e-10,0,0,0,0,0,0,0,1.68233e-07,0.339456,0.340093,1.68482e-07,0,0,0,0,0,0,0,0,0.0343245,0.00107513,0,0,0,0,0,0,0,0,4.16004e-09,0.0217707,0.0211872,3.75115e-09,0,0,0,0,0,0,0,0,0.00108265,0.00334495,1.24446e-10,0,0,0,0,0,0,0,2.56536e-08,0.0539707,0.0540255,2.52447e-08,0,0,0,0,0,0,0,0,0.00330421,0,0,0,0,0,0,0,0,0,0,0,0,0,0,0,0,0,0,0,0,0,0,0.00338901,8.88897e-11,0,0,0,0,0,0,0,2.55291e-08,0.0527269,0.0536463,2.54047e-08,0,0,0,0,0,0,0,0,0.00304378,0,0,0,0,0,0,0,0,0,0,0,0,0,0,0,0,0,0,0,0,0,0,0.0363077,4.26671e-10,0,0,0,0,0,0,0,1.7161e-07,0.345974,0.350131,1.74562e-07,0,0,0,0,0,0,0,0,0.0351582,4.51117e-05,0,0,0,0,0,0,0,0,0,0.0146475,0.0145778,0,0,0,0,0,0,0,0,0,0,
chineseknife_2_3dwh2.ply,0.0402703,0,0,0,0,0,0,0,0,6.13661e-08,0.348041,0.343895,6.06533e-08,0,0,0,0,0,0,0,3.56365e-10,0.0421973,0.000830846,0,0,0,0,0,0,0,0,9.97822e-10,0.0186295,0.01885,1.03346e-09,0,0,0,0,0,0,0,0,0.000952447,0.00209989,0,0,0,0,0,0,0,0,5.20293e-09,0.0310054,0.0327917,5.55929e-09,0,0,0,0,0,0,0,0,0.00201599,0,0,0,0,0,0,0,0,0,0,0,0,0,0,0,0,0,0,0,0,0,0,0.00190898,0,0,0,0,0,0,0,0,5.20293e-09,0.0310081,0.0323383,5.41675e-09,0,0,0,0,0,0,0,0,0.00197169,0,0,0,0,0,0,0,0,0,0,0,0,0,0,0,0,0,0,0,0,0,0,0.0417282,0,0,0,0,0,0,0,0,6.25064e-08,0.350823,0.355517,6.35755e-08,0,0,0,0,0,0,0,1.42546e-10,0.0421147,0,0,0,0,0,0,0,0,0,0,0.0146246,0.0144412,0,0,0,0,0,0,0,0,0,4.86497e-05,0.0411776,0,0,0,0,0,0,0,0,6.24708e-08,0.352429,0.351108,6.20788e-08,0,0,0,0,0,0,0,2.85092e-10,0.0428969,0,0,0,0,0,0,0,0,0,0,0.0145124,0.0144724,0,0,0,0,0,0,0,0,0,0.000110906,0.0021074,0,0,0,0,0,0,0,0,5.41675e-09,0.0320562,0.0322973,5.48802e-09,0,0,0,0,0,0,0,0,0.00215464,0,0,0,0,0,0,0,0,0,0,0,0,0,0,0,0,0,0,0,0,0,0,0.00196901,0,0,0,0,0,0,0,0,5.41675e-09,0.0320305,0.0321655,5.41675e-09,0,0,0,0,0,0,0,7.1273e-11,0.00252416,0,0,0,0,0,0,0,0,0,0,0,0,0,0,0,0,0,0,0,0,0,0,0.0406657,0,0,0,0,0,0,0,0,6.09384e-08,0.345343,0.346457,6.12235e-08,0,0,0,0,0,0,0,3.56365e-10,0.0422115,0.00077128,0,0,0,0,0,0,0,0,8.90912e-10,0.0188046,0.0188825,1.10473e-09,0,0,0,0,0,0,0,0,0.000845441,
chopstick_1_3dwh1.ply,0.000211447,0,0,0,0.00385162,0.0615022,0.0826203,0.0207798,0.00953084,0.00557528,0.262185,4.35352e-05,0,0,0,0.00309054,0.0620229,0.0808288,0.0137819,0.0112473,0.00589894,0.273172,0,0,0,0,0,0.00364999,0.00252441,0.000103472,0.00371221,0.000327433,0.0471071,0,0,0,0,1.36711e-05,0.00412944,0.00241095,2.41929e-06,0.00846334,0.0011862,0.0437594,0,0,0,0,0.000236182,0.00331067,5.66583e-05,0,0,2.0271e-05,0.00338428,0,0,0,0,0.000229039,0.00344624,7.91912e-05,6.24654e-05,3.22152e-05,2.66078e-05,0.00375767,0,0,0,0,0,0,0,0,0,0,0,0,0,0,0,0,0,0,0,0,0,0,0,0,0,0,0.0006078,0.00636732,0.00108019,0,0,1.06666e-05,0.000759653,0,0,0,0,0.000619249,0.00617351,0.000539267,0,0,3.88498e-05,0.0019967,0,0,0,0,0,0,0,0,0,0,0,0,0,0,0,0,0,0,0,0,0,0,0,0,0,0,0.0280622,0.335911,0.00270201,0,0,0.000670235,0.209339,0,0,0,0,0.0353343,0.371804,0.000402366,0,0,0.000714753,0.16846,0,0,0,0,0,0.00521283,0,0,0,0,0.00645892,0,0,0,0,0,0.0101145,0,0,0,0,0.00184991,0,0,0,0,0.02436,0.341885,0.00541329,0,0,0.000662931,0.209127,0,0,0,0,0.0301008,0.376922,0.00346396,0,0,0.00067211,0.167342,0,0,0,0,0,0.00556653,0,0,0,0,0.00652127,0,0,0,0,0,0.00979462,0,0,0,0,0.00185128,0,0,0,0,0.0003255,0.0040827,0.000209177,0,0,4.24214e-05,0.00221495,0,0,0,0,0.000287212,0.00388932,0.00156992,0,0,3.25781e-05,0.00207508,0,0,0,0,0,0,0,0,0,0,0,0,0,0,0,0,0,0,0,0,0,0,0,0,0,0,0.000189681,0.00359298,0.000479905,0,1.36958e-05,8.31155e-05,0.00394305,0,0,0,0,0.000393724,0.00397243,8.3211e-05,0,4.44319e-05,1.82716e-05,0.00250593,0,0,0,0,0,0,0,0,0,0,0,0,0,0,0,0,0,0,0,0,0,0,6.57643e-05,0,0,0,0.00377508,0.0723229,0.0758758,0.0199562,0.00774243,0.00527213,0.262591,0.000288653,0,0,0,0.00226424,0.0606742,0.0790224,0.0136842,0.00728139,0.00553635,0.275709,0,0,0,0,0.000126126,0.00491622,0.00148585,0.000235029,0.000683671,0.000140279,0.0515008,0,0,0,0,0,0.00253241,0.00196617,5.12775e-06,0.00258074,0.000233626,0.0544737,
spatula_1_3dwh2.ply,0.299095,5.33462e-10,0,0,0,0,0,0,0,0,0,0.296377,3.55642e-10,0,0,0,0,0,0,0,0,0,0.0286061,3.11186e-10,0,0,0,0,0,0,0,0,0,0.0285036,3.55642e-10,0,0,0,0,0,0,0,0,0,0.190384,0,0,0,0,0,0,0,0,0,0,0.194302,0,0,0,0,0,0,0,0,0,0,0.00388179,0,0,0,0,0,0,0,0,0,0,0.00389302,0,0,0,0,0,0,0,0,0,0,0.261322,8.89104e-11,0,0,0,0,0,0,0,0,0,0.263417,2.00048e-10,0,0,0,0,0,0,0,0,0,0.0155759,6.66828e-11,0,0,0,0,0,0,0,0,0,0.01711,1.11138e-10,0,0,0,0,0,0,0,0,0,0.237367,3.3786e-09,0,0,0,0,0,0,0,0,0,0.236968,3.223e-09,0,0,0,0,0,0,0,0,0,0.00795183,0,0,0,0,0,0,0,0,0,0,0.0075646,0,0,0,0,0,0,0,0,0,0,0.285974,3.08964e-09,0,0,0,0,0,0,0,0,0,0.287428,3.15632e-09,0,0,0,0,0,0,0,0,0,0.0215538,1.77821e-10,0,0,0,0,0,0,0,0,0,0.0219137,2.44504e-10,0,0,0,0,0,0,0,0,0,0.208532,3.17855e-09,0,0,0,0,0,0,0,0,0,0.206646,3.20077e-09,0,0,0,0,0,0,0,0,0,0.00520631,0,0,0,0,0,0,0,0,0,0,0.00514598,0,0,0,0,0,0,0,0,0,0,0.262679,1.11138e-10,0,0,0,0,0,0,0,0,0,0.262757,2.66731e-10,0,0,0,0,0,0,0,0,0,0.0108822,0,0,0,0,0,0,0,0,0,0,0.0109465,0,0,0,0,0,0,0,0,0,0,0.229381,0,0,0,0,0,0,0,0,0,0,0.23161,0,0,0,0,0,0,0,0,0,0,0.00667908,0,0,0,0,0,0,0,0,0,0,0.00688417,0,0,0,0,0,0,0,0,0,0,
ladle_1_3dwh1.ply,0.00557608,0,0,0,0,0,0,0,0,2.67325e-08,0.285508,0.0567907,6.19151e-09,0,0,0,0,0,0,0,1.96242e-08,0.198032,0.00217054,0,0,0,0,0,0,0,0,0,0.00646802,0.0268226,2.28528e-09,0,0,0,0,0,0,0,0,0.0182607,0.00567734,0,0,0,0,0,0,0,0,2.6387e-08,0.28392,0.0573747,5.97893e-09,0,0,0,0,0,0,0,1.91193e-08,0.198383,0.00203218,0,0,0,0,0,0,0,0,0,0.00640525,0.0256877,1.89997e-09,0,0,0,0,0,0,0,0,0.0183024,0.00570948,0,0,0,0,0,0,0,0,2.66262e-08,0.284374,0.0575082,6.35095e-09,0,0,0,0,0,0,0,1.98633e-08,0.196826,0.00203136,0,0,0,0,0,0,0,0,0,0.0064759,0.0257313,2.01955e-09,0,0,0,0,0,0,0,0,0.0181288,0.00549038,0,0,0,0,0,0,0,0,2.72373e-08,0.288355,0.0564173,6.03207e-09,0,0,0,0,0,0,0,1.9478e-08,0.195636,0.0022797,0,0,0,0,0,0,0,0,0,0.00658815,0.0275978,2.43143e-09,0,0,0,0,0,0,0,0,0.0179255,0.00536687,0,0,0,0,0,0,0,0,2.7131e-08,0.287409,0.055524,5.88592e-09,0,0,0,0,0,0,0,2.01556e-08,0.200049,0.00250787,0,0,0,0,0,0,0,0,0,0.00653932,0.0297043,2.6573e-09,0,0,0,0,0,0,0,0,0.0185883,0.00512757,0,0,0,0,0,0,0,0,2.74366e-08,0.285901,0.0537584,6.12508e-09,0,0,0,0,0,0,0,2.02752e-08,0.196129,0.00239907,0,0,0,0,0,0,0,0,0,0.00657447,0.0284533,2.68387e-09,0,0,0,0,0,0,0,2.6573e-11,0.0183816,0.00490128,0,0,0,0,0,0,0,0,2.54569e-08,0.283194,0.0516485,5.14188e-09,0,0,0,0,0,0,0,1.88934e-08,0.196666,0.00249429,0,0,0,0,0,0,0,0,0,0.00652366,0.02896,2.32514e-09,0,0,0,0,0,0,0,0,0.018326,0.00528718,0,0,0,0,0,0,0,0,2.66926e-08,0.288869,0.0550354,5.55376e-09,0,0,0,0,0,0,0,1.96507e-08,0.197159,0.00265126,0,0,0,0,0,0,0,0,0,0.00664616,0.0308251,2.88317e-09,0,0,0,0,0,0,0,0,0.0182346,
breadknife_1_3dwh1.ply,0.0363852,0,0,0,0,0,0,0,0,3.97817e-07,0.326842,0.329675,4.01548e-07,0,0,0,0,0,0,0,0,0.0360783,0.0029555,0,0,0,0,0,0,0,0,3.0428e-08,0.0320272,0.0328085,2.60164e-08,0,0,0,0,0,0,0,0,0.0028562,0.00279112,0,0,0,0,0,0,0,0,5.3179e-08,0.0450655,0.0431944,5.09399e-08,0,0,0,0,0,0,0,1.86593e-10,0.0028912,0,0,0,0,0,0,0,0,0,0,0,0,0,0,0,0,0,0,0,0,0,0,0.00267896,0,0,0,0,0,0,0,0,5.18729e-08,0.0443517,0.0431353,5.03801e-08,0,0,0,0,0,0,0,0,0.00275778,0,0,0,0,0,0,0,0,0,0,0,0,0,0,0,0,0,0,0,0,0,0,0.0410859,0,0,0,0,0,0,0,0,4.41666e-07,0.360738,0.362539,4.44651e-07,0,0,0,0,0,0,0,3.73186e-10,0.0408379,0,0,0,0,0,0,0,0,0,0,0.0143905,0.01461,0,0,0,0,0,0,0,0,0,5.68586e-06,0.042251,1.11956e-09,0,0,0,0,0,0,0,4.55594e-07,0.370091,0.366208,4.50756e-07,0,0,0,0,0,0,0,0,0.0420511,4.69572e-05,0,0,0,0,0,0,0,0,0,0.0146867,0.0142383,0,0,0,0,0,0,0,0,0,0,0.00267916,0,0,0,0,0,0,0,0,5.11265e-08,0.0435194,0.0435249,5.07533e-08,0,0,0,0,0,0,0,0,0.00271433,0,0,0,0,0,0,0,0,0,0,0,0,0,0,0,0,0,0,0,0,0,0,0.00277832,0,0,0,0,0,0,0,0,5.11265e-08,0.0437848,0.0449517,5.28059e-08,0,0,0,0,0,0,0,0,0.00274588,0,0,0,0,0,0,0,0,0,0,0,0,0,0,0,0,0,0,0,0,0,0,0.0371668,3.73186e-10,0,0,0,0,0,0,0,4.03788e-07,0.33003,0.332332,4.06773e-07,0,0,0,0,0,0,0,0,0.0364192,0.00233115,0,0,0,0,0,0,0,0,1.96589e-08,0.0294243,0.0298983,2.2018e-08,0,0,0,0,0,0,0,0,0.00227846,
fyingpan_3_3dwh1.ply,0.307988,3.28498e-07,0,0,0,0,0,0,0,0,0,0.313484,3.40555e-07,0,0,0,0,0,0,0,0,0,0.030077,2.738e-08,0,0,0,0,0,0,0,0,0,0.033257,2.75056e-08,0,0,0,0,0,0,0,0,0,0.0270807,3.052e-08,0,0,0,0,0,0,0,0,0,0.0171979,1.82743e-08,0,0,0,0,0,0,0,0,0,0,0,0,0,0,0,0,0,0,0,0,0,0,0,0,0,0,0,0,0,0,0,0.0261862,2.97664e-08,0,0,0,0,0,0,0,0,0,0.0170747,1.90907e-08,0,0,0,0,0,0,0,0,0,0,0,0,0,0,0,0,0,0,0,0,0,0,0,0,0,0,0,0,0,0,0,0.34953,3.80997e-07,0,0,0,0,0,0,0,0,0,0.351717,3.86021e-07,0,0,0,0,0,0,0,0,0,0.012581,0,0,0,0,0,0,0,0,0,0,0.0133471,0,0,0,0,0,0,0,0,0,0,0.38593,4.24014e-07,0,0,0,0,0,0,0,0,0,0.388889,4.38772e-07,0,0,0,0,0,0,0,0,0,0.0115036,0,0,0,0,0,0,0,0,0,0,0.0126032,0,0,0,0,0,0,0,0,0,0,0.0281486,2.94524e-08,0,0,0,0,0,0,0,0,0,0.0210798,2.38633e-08,0,0,0,0,0,0,0,0,0,0,0,0,0,0,0,0,0,0,0,0,0,0,0,0,0,0,0,0,0,0,0,0.0269256,2.97036e-08,0,0,0,0,0,0,0,0,0,0.0201257,2.26702e-08,0,0,0,0,0,0,0,0,0,0,0,0,0,0,0,0,0,0,0,0,0,0,0,0,0,0,0,0,0,0,0,0.352601,3.89286e-07,0,0,0,0,0,0,0,0,0,0.357396,4.04798e-07,0,0,0,0,0,0,0,0,0,0.0284538,2.90128e-08,0,0,0,0,0,0,0,0,0,0.0306304,2.00954e-08,0,0,0,0,0,0,0,0,0,
breadknife_1_3dwh2.ply,0.0526186,0,0,0,0,0,0,0,0,2.06923e-08,0.347965,0.34877,1.95703e-08,0,0,0,0,0,0,0,0,0.0524335,0.000216377,0,0,0,0,0,0,0,0,4.3154e-11,0.0149815,0.0148427,6.4731e-11,0,0,0,0,0,0,0,0,0.000216292,0.00415134,0,0,0,0,0,0,0,0,1.38093e-09,0.0263793,0.0286755,1.5967e-09,0,0,0,0,0,0,0,0,0.00379466,0,0,0,0,0,0,0,0,0,0,0,0,0,0,0,0,0,0,0,0,0,0,0.0041368,0,0,0,0,0,0,0,0,1.53197e-09,0.0261107,0.0286458,1.46724e-09,0,0,0,0,0,0,0,0,0.00373388,0,0,0,0,0,0,0,0,0,0,0,0,0,0,0,0,0,0,0,0,0,0,0.0522063,0,0,0,0,0,0,0,0,1.90956e-08,0.351907,0.347555,1.90093e-08,0,0,0,0,0,0,0,0,0.0528911,0,0,0,0,0,0,0,0,0,0,0.0135423,0.0136361,0,0,0,0,0,0,0,0,0,0,0.0525687,0,0,0,0,0,0,0,0,1.92467e-08,0.34788,0.349058,2.01529e-08,0,0,0,0,0,0,0,0,0.0523407,0,0,0,0,0,0,0,0,0,0,0.0141685,0.0141421,0,0,0,0,0,0,0,0,0,3.56219e-05,0.00389464,0,0,0,0,0,0,0,0,1.57512e-09,0.0267192,0.0268123,1.55354e-09,0,0,0,0,0,0,0,0,0.00390424,0,0,0,0,0,0,0,0,0,0,0,0,0,0,0,0,0,0,0,0,0,0,0.00401596,0,0,0,0,0,0,0,0,1.53197e-09,0.0257777,0.0278292,1.57512e-09,0,0,0,0,0,0,0,0,0.00369995,0,0,0,0,0,0,0,0,0,0,0,0,0,0,0,0,0,0,0,0,0,0,0.0519121,0,0,0,0,0,0,0,0,1.96566e-08,0.347401,0.345619,1.88583e-08,0,0,0,0,0,0,0,0,0.0523142,0.000180178,0,0,0,0,0,0,0,0,6.4731e-11,0.0150387,0.0145764,4.3154e-11,0,0,0,0,0,0,0,0,0.000180233,
pliers2_1.ply,0.0169019,0,0,0,0,0,0,0,0,1.31357e-07,0.190348,0.120929,8.78935e-08,0,0,0,0,0,0,0,5.40883e-08,0.0985357,0.00299843,0,0,0,0,0,0,0,0,8.93422e-09,0.0607582,0.0324399,5.07078e-09,0,0,0,0,0,0,0,2.17319e-09,0.0332726,0.0252502,0,0,0,0,0,0,0,0,2.14421e-07,0.323829,0.200638,1.39084e-07,0,0,0,0,0,0,0,6.95421e-08,0.141115,0,0,0,0,0,0,0,0,0,0,0.0102328,0.00639843,0,0,0,0,0,0,0,0,0,0.00350395,0.0123347,0,0,0,0,0,0,0,0,1.19767e-07,0.189842,0.107343,7.14738e-08,0,0,0,0,0,0,0,5.21566e-08,0.0977832,0,0,0,0,0,0,0,0,0,0,2.71695e-05,7.07628e-06,0,0,0,0,0,0,0,0,0,8.52403e-06,0.0319269,0,0,0,0,0,0,0,0,2.54988e-07,0.375429,0.2456,1.71923e-07,0,0,0,0,0,0,0,7.14738e-08,0.149949,0,0,0,0,0,0,0,0,0,0,0.0138605,0.015475,0,0,0,0,0,0,0,0,0,0.00362574,0.0366506,0,0,0,0,0,0,0,0,2.16353e-07,0.326566,0.276258,1.97277e-07,0,0,0,0,0,0,0,7.0025e-08,0.138754,0.00189105,0,0,0,0,0,0,0,0,0,0.0106685,0.0254658,1.27977e-08,0,0,0,0,0,0,0,5.79517e-09,0.00785954,0.0113788,0,0,0,0,0,0,0,0,1.27494e-07,0.199308,0.099757,6.56786e-08,0,0,0,0,0,0,0,5.21566e-08,0.0994261,0,0,0,0,0,0,0,0,0,0,0.000142868,2.87503e-05,0,0,0,0,0,0,0,0,0,7.37001e-05,0.0261693,0,0,0,0,0,0,0,0,2.2408e-07,0.335356,0.2034,1.42948e-07,0,0,0,0,0,0,0,8.30641e-08,0.158825,0,0,0,0,0,0,0,0,0,0,0.0144111,0.00855336,0,0,0,0,0,0,0,0,0,0.00675416,0.0128983,0,0,0,0,0,0,0,0,1.04313e-07,0.151037,0.0918557,6.76103e-08,0,0,0,0,0,0,0,3.86345e-08,0.0754565,0.00186356,0,0,0,0,0,0,0,0,2.31807e-08,0.0473373,0.0221407,9.65862e-09,0,0,0,0,0,0,0,1.73855e-08,0.0312145,
pliers1_2.ply,0.000784252,0,0,0,0,0,0,0,0,1.01472e-07,0.258319,0.00946484,2.89921e-09,0,0,0,0,0,0,0,9.27746e-08,0.235809,0,0,0,0,0,0,0,0,0,6.43624e-08,0.0775447,3.74004e-05,0,0,0,0,0,0,0,0,5.68244e-08,0.0723619,0.0121483,0,0,0,0,0,0,0,0,1.28145e-07,0.271767,0.107538,5.45051e-08,0,0,0,0,0,0,0,6.66817e-08,0.166571,0,0,0,0,0,0,0,0,0,0,0.00324016,0.00102558,0,0,0,0,0,0,0,0,0,0.00196489,0.0044164,0,0,0,0,0,0,0,0,1.06691e-07,0.23955,0.0419536,2.08743e-08,0,0,0,0,0,0,0,7.88584e-08,0.193496,0,0,0,0,0,0,0,0,0,0,0.00221003,2.62168e-05,0,0,0,0,0,0,0,0,0,0.00207594,0,0,0,0,0,0,0,0,0,1.38002e-07,0.311431,1.82245e-05,0,0,0,0,0,0,0,0,1.80331e-07,0.368224,0,0,0,0,0,0,0,0,0,0,0.00920581,0,0,0,0,0,0,0,0,0,0,0.0158071,0.000792967,0,0,0,0,0,0,0,0,1.18288e-07,0.291222,0.00841752,2.89921e-09,0,0,0,0,0,0,0,1.0901e-07,0.271344,0,0,0,0,0,0,0,0,0,0,0.00378152,8.92892e-05,0,0,0,0,0,0,0,0,0,0.00638494,0.00831097,0,0,0,0,0,0,0,0,1.03212e-07,0.237429,0.0727272,3.71098e-08,0,0,0,0,0,0,0,7.24801e-08,0.176662,0,0,0,0,0,0,0,0,0,0,0.00184812,0.000101489,0,0,0,0,0,0,0,0,0,0.0019943,0.00235091,0,0,0,0,0,0,0,0,1.21187e-07,0.27691,0.0228545,1.04371e-08,0,0,0,0,0,0,0,1.29305e-07,0.288835,0,0,0,0,0,0,0,0,0,3.18913e-08,0.0733529,0.000154846,0,0,0,0,0,0,0,0,3.13114e-08,0.0761995,0,0,0,0,0,0,0,0,0,0,0.00501058,0,0,0,0,0,0,0,0,0,0,0.0067968,0,0,0,0,0,0,0,0,0,0,0.00569359,0,0,0,0,0,0,0,0,0,0,0.00576846,
spoon_4_3dwh2.ply,0.302276,4.35753e-07,0,0,0,0,0,0,0,0,0,0.341471,5.17446e-07,0,0,0,0,0,0,0,0,0,0.0558724,7.76572e-08,0,0,0,0,0,0,0,0,0,0.00897848,0,0,0,0,0,0,0,0,0,0,0.00516737,0,0,0,0,0,0,0,0,0,0,0.043093,7.23749e-08,0,0,0,0,0,0,0,0,0,0,0,0,0,0,0,0,0,0,0,0,0,0,0,0,0,0,0,0,0,0,0,0.00586837,0,0,0,0,0,0,0,0,0,0,0.0440199,7.46676e-08,0,0,0,0,0,0,0,0,0,0,0,0,0,0,0,0,0,0,0,0,0,0,0,0,0,0,0,0,0,0,0,0.406684,5.97762e-07,0,0,0,0,0,0,0,0,0,0.351457,4.92116e-07,0,0,0,0,0,0,0,0,0,0.012843,0,0,0,0,0,0,0,0,0,0,0.00279792,0,0,0,0,0,0,0,0,0,0,0.41585,6.2023e-07,0,0,0,0,0,0,0,0,0,0.336449,4.58478e-07,0,0,0,0,0,0,0,0,0,0.0125113,0,0,0,0,0,0,0,0,0,0,0.00192214,0,0,0,0,0,0,0,0,0,0,0.00915272,3.68661e-09,0,0,0,0,0,0,0,0,0,0.0472957,8.15089e-08,0,0,0,0,0,0,0,0,0,0,0,0,0,0,0,0,0,0,0,0,0,0,0,0,0,0,0,0,0,0,0,0.00632843,0,0,0,0,0,0,0,0,0,0,0.0507095,8.64244e-08,0,0,0,0,0,0,0,0,0,0,0,0,0,0,0,0,0,0,0,0,0,0,0,0,0,0,0,0,0,0,0,0.29459,4.14129e-07,0,0,0,0,0,0,0,0,0,0.340689,5.17537e-07,0,0,0,0,0,0,0,0,0,0.0420648,4.76508e-08,0,0,0,0,0,0,0,0,0,0.00618898,0,0,0,0,0,0,0,0,0,0,
bottle_8_3dwh1.ply,0.0237686,0,0,0,0,0.000147658,0,0,0.000149623,0.0011346,0.328358,0.317306,0.00122434,0,0.000145999,0,0,0,0,0,4.98316e-05,0.0381443,0.00356728,0.000150821,0,0.00016271,0,0.000854416,8.91017e-05,0.000167833,0.000890088,0.000484703,0.0474067,0.0421182,0.00112915,0.000192212,0.000862213,0.000108046,0.000170081,0,0,0.000161162,5.15242e-05,0.00588771,0.00438446,0,0,0,0,0,0,0,0,0.000316498,0.0936716,0.087302,0.000296056,0,0,0,0,0,0,0,1.71674e-05,0.0105644,0,0,0,0,0,0,0,0,0,0,0,0,0,0,0,0,0,0,0,0,0,0,0.00379667,0,0,0,0,0,0,0,0,0.000284308,0.0856233,0.0815595,0.000285487,0,0,0,0,0,0,0,2.90943e-05,0.0124887,0,0,0,0,0,0,0,0,0,0,0,0,0,0,0,0,0,0,0,0,0,0,0.0288398,0,0,0,0,0,0,0,0,0.00126486,0.363786,0.349334,0.00114905,0,0,0,0,0,0,0,6.14319e-05,0.0462569,0,0,0,0,0,0,0,0,0,0,0.0214287,0.0209277,0,0,0,0,0,0,0,0,0,0.00130709,0.0449575,6.54147e-05,0,0,0,0,0,0,0,0.00117418,0.347067,0.359867,0.0012845,0,0,0,0,0,0,0,0,0.0286619,0.00108244,0,0,0,0,0,0,0,0,0,0.0207324,0.0216179,0,0,0,0,0,0,0,0,0,0,0.0108108,2.13546e-05,0,0,0,0,0,0,0,0.000290259,0.0848066,0.0887955,0.000295067,0,0,0,0,0,0,0,0,0.00403699,0,0,0,0,0,0,0,0,0,0,0,0,0,0,0,0,0,0,0,0,0,0,0.0113639,2.09549e-05,0,0,0,0,0,0,0,0.000273926,0.0823105,0.094009,0.000315945,0,0,0,0,0,0,0,0,0.00412276,0,0,0,0,0,0,0,0,0,0,0,0,0,0,0,0,0,0,0,0,0,0,0.0421392,6.42297e-05,0,0,0,0,0,0.000148178,0,0.00139916,0.311333,0.330188,0.00114378,0.000149976,0,0.00014724,0,0,0,0,0,0.023017,0.00538488,4.53448e-06,0.000163764,0,0.000169551,0.000107816,3.59998e-05,0.000912023,0.000157868,0.00194448,0.0420458,0.0415065,0.000439057,0.000798409,0.000111757,0.00087683,6.74067e-05,0,0.000164904,0,0.000302692,0.00350598,
mug_1_3dwh1.ply,0.000927674,0.000141854,0,0,0,0.00164386,0.00405282,0.00541079,0.00983086,0.0286464,0.120864,0.114338,0.026899,0.00851188,0.00530374,0.0038836,0.00180165,0,0,1.39675e-05,0.000178438,9.30191e-06,0.00505197,0.00306493,0.00491362,0.00530455,0.00567798,0.0226794,0.0463364,0.0618904,0.106006,0.156725,0.0540599,0.0639452,0.161851,0.0956151,0.0599991,0.0461008,0.0243118,0.00579179,0.00556781,0.00569852,0.00322443,3.71301e-05,0.0158448,0.00211044,0.00185065,0.00177838,0.00177023,0.0087701,0.0170597,0.01763,0.0234092,0.042547,0.278755,0.277688,0.0474452,0.0245203,0.0187538,0.0158844,0.00829677,0.00189491,0.00159862,0.00177072,0.00183264,0.0114629,0.000240927,0.000125888,0.000798638,0.00195004,0.00316024,0.0165921,0.0310937,0.0273576,0.0193833,0.0105869,0.0284828,0.0283071,0.0139717,0.020711,0.0269646,0.0296449,0.0186677,0.00346866,0.0020278,0.000686548,6.5422e-05,0,0.00773079,0.00150399,0.00308008,0.00404042,0.00504663,0.023717,0.0438489,0.0480843,0.0557566,0.0788207,0.147294,0.151911,0.0790324,0.0579944,0.0482158,0.0439732,0.0249865,0.00496327,0.00395227,0.00284343,0.00155645,0.00406454,0,0,0.000202119,0.00131494,0.00302337,0.0174197,0.033575,0.0302337,0.0182252,0.00937224,0.0137469,0.0138052,0.00915501,0.0164769,0.02609,0.0316794,0.021012,0.00343588,0.00174347,0.000266778,0,0,0.0108329,0.00536378,0.00369962,0.00309881,0.00375299,0.0153229,0.0278136,0.0347406,0.0555651,0.146676,0.0973525,0.0987933,0.155302,0.0587796,0.0350543,0.0290216,0.0148597,0.0033173,0.00308745,0.00334447,0.00457415,0.00351388,0.00114611,0.000672698,0.00316458,0.00381144,0.00363548,0.0150145,0.0310105,0.049138,0.0913921,0.121827,0.0105891,0.010521,0.115671,0.0973142,0.0507001,0.0335183,0.0174527,0.00329334,0.00374462,0.00304793,0.000627094,0,0.0109352,0.00473646,0.00375494,0.00338369,0.00344589,0.0147866,0.0282585,0.0366089,0.0616546,0.162368,0.0875599,0.0945457,0.152569,0.0617001,0.0365386,0.028704,0.0167931,0.00356513,0.00347884,0.00391495,0.00531124,0.00279628,0.00103,0.000707782,0.00313417,0.00345673,0.00304864,0.0139476,0.0280032,0.0430647,0.0869655,0.128221,0.00943422,0.00997506,0.117373,0.0950355,0.0459057,0.0302418,0.0150586,0.0029147,0.0032436,0.00294813,0.000677836,0,0.00663919,0.00118937,0.0028637,0.00421621,0.00543004,0.0240171,0.0455844,0.0539226,0.0664778,0.0859927,0.125657,0.135401,0.0750173,0.0606362,0.051269,0.0489405,0.0298617,0.00540612,0.00472924,0.00335514,0.00165191,0.00539465,0,0,0.00024952,0.00145859,0.00440737,0.0239988,0.0329323,0.0277301,0.0187379,0.0101718,0.011157,0.0118552,0.00857193,0.0173779,0.0267839,0.0411362,0.0265744,0.0033031,0.00153116,0.000270939,2.71847e-05,0.000185955,0.0131473,0.00174471,0.00201642,0.00189301,0.00194548,0.00742888,0.0158049,0.0188855,0.0273385,0.0460101,0.284019,0.276675,0.0423542,0.0258402,0.019006,0.0168106,0.00951757,0.00195806,0.00192732,0.00220907,0.00206856,0.0183264,0,5.73549e-05,0.000593939,0.00156034,0.00294424,0.0146349,0.0226995,0.021293,0.0161421,0.0097401,0.0280831,0.0273877,0.0106263,0.0178378,0.0225567,0.0283165,0.0169375,0.00221763,0.0014493,0.000515655,3.65955e-05,0.00060858,0.00121803,0.000217987,1.50548e-05,0,0,0.00217288,0.0047123,0.006454,0.01063,0.0347674,0.122245,0.116915,0.0315076,0.00996125,0.00573957,0.00538811,0.00282804,0,0,2.97014e-05,0.000272966,2.48669e-05,0.00526038,0.0032429,0.00537479,0.0053715,0.0070865,0.0278583,0.0477253,0.0650055,0.102385,0.161892,0.0497683,0.0599265,0.166889,0.0972902,0.0586459,0.0551489,0.0315959,0.00616009,0.0061255,0.00574002,0.00349494,3.4354e-05,
pliers_2_seg1.ply,0.308135,1.61571e-08,0,0,0,0,0,0,0,0,0,0.336416,1.88277e-08,0,0,0,0,0,0,0,0,0,0.0366432,9.3471e-09,0,0,0,0,0,0,0,0,0,0.0376642,2.27001e-09,0,0,0,0,0,0,0,0,0,0.0868431,4.54002e-09,0,0,0,0,0,0,0,0,0,0.0811158,4.0059e-09,0,0,0,0,0,0,0,0,0,0,0,0,0,0,0,0,0,0,0,0,0,0,0,0,0,0,0,0,0,0,0,0.0931022,6.27591e-09,0,0,0,0,0,0,0,0,0,0.0890161,4.13943e-09,0,0,0,0,0,0,0,0,0,0,0,0,0,0,0,0,0,0,0,0,0,0,0,0,0,0,0,0,0,0,0,0.337358,1.96289e-08,0,0,0,0,0,0,0,0,0,0.343128,2.65725e-08,0,0,0,0,0,0,0,0,0,0.0107994,0,0,0,0,0,0,0,0,0,0,0.0126588,0,0,0,0,0,0,0,0,0,0,0.367515,2.22995e-08,0,0,0,0,0,0,0,0,0,0.390319,2.41689e-08,0,0,0,0,0,0,0,0,0,0.00989853,0,0,0,0,0,0,0,0,0,0,0.0120714,0,0,0,0,0,0,0,0,0,0,0.112653,4.94061e-09,0,0,0,0,0,0,0,0,0,0.108203,5.60826e-09,0,0,0,0,0,0,0,0,0,0,0,0,0,0,0,0,0,0,0,0,0,0,0,0,0,0,0,0,0,0,0,0.087423,4.0059e-09,0,0,0,0,0,0,0,0,0,0.0891284,5.47473e-09,0,0,0,0,0,0,0,0,0,0,0,0,0,0,0,0,0,0,0,0,0,0,0,0,0,0,0,0,0,0,0,0.299704,1.66912e-08,0,0,0,0,0,0,0,0,0,0.327433,1.90948e-08,0,0,0,0,0,0,0,0,0,0.0301854,1.77595e-08,0,0,0,0,0,0,0,0,0,0.0314178,6.27591e-09,0,0,0,0,0,0,0,0,0,
mug_3_3dwh2.ply,0.0332058,0,0,0,0,0,0,0,0,1.60289e-08,0.283615,0.264201,1.43003e-08,0,0,0,0,0,0,0,1.57146e-10,0.0402495,0.0123091,0,0,0,0,0,0,0,0,3.77151e-09,0.0942484,0.106414,5.97156e-09,0,0,0,0,0,0,0,3.14293e-10,0.0133444,0.00932795,0,0,0,0,0,0,0,0,4.08581e-09,0.0777032,0.072549,4.4001e-09,0,0,0,0,0,0,0,1.57146e-10,0.0117362,0.000454502,0,0,0,0,0,0,0,0,3.14293e-10,0.0151509,0.0151648,1.57146e-10,0,0,0,0,0,0,0,0,0.000959739,0.0130942,0,0,0,0,0,0,0,0,5.02868e-09,0.108135,0.106505,6.12871e-09,0,0,0,0,0,0,0,1.57146e-10,0.0150569,0,0,0,0,0,0,0,0,0,0,0.008557,0.00873844,0,0,0,0,0,0,0,0,0,0.00013226,0.0367143,0,0,0,0,0,0,0,0,1.91719e-08,0.305542,0.287901,1.88576e-08,0,0,0,0,0,0,0,0,0.0419384,0.00834659,0,0,0,0,0,0,0,0,2.98578e-09,0.0751203,0.0828739,4.4001e-09,0,0,0,0,0,0,0,1.57146e-10,0.0112974,0.038262,0,0,0,0,0,0,0,0,1.63432e-08,0.318088,0.304992,1.65004e-08,0,0,0,0,0,0,0,1.57146e-10,0.0415717,0,0,0,0,0,0,0,0,0,0,0.0240268,0.0244544,0,0,0,0,0,0,0,0,0,0.000334769,0.0247929,0,0,0,0,0,0,0,0,1.19431e-08,0.223735,0.227054,1.05288e-08,0,0,0,0,0,0,0,0,0.0245504,0,0,0,0,0,0,0,0,0,0,0.00464473,0.00489301,0,0,0,0,0,0,0,0,0,0,0.0245493,0,0,0,0,0,0,0,0,1.21003e-08,0.229651,0.222043,1.30432e-08,0,0,0,0,0,0,0,4.71439e-10,0.0301964,0,0,0,0,0,0,0,0,0,0,0.00500932,0.00507099,0,0,0,0,0,0,0,0,0,0.000306839,0.0388608,0,0,0,0,0,0,0,0,1.79147e-08,0.306775,0.308276,1.74433e-08,0,0,0,0,0,0,0,1.57146e-10,0.0463697,0,0,0,0,0,0,0,0,0,0,0.021461,0.0235751,0,0,0,0,0,0,0,0,0,0.000609146,
cube1.ply,0.169414,0.000539139,0,0,0,0,0,0,0,0.000364577,0.077078,0.343351,0.0015223,0,0,0,0,0,0,0,0,0,0.00720837,0,0,0,0,0,0,0,0,0,0.00526004,0.0308904,1.50882e-06,0,0,0,0,0,0,0,0,0,0.16657,0.000794699,0,0,0,0,0,0,0,0.00100427,0.099414,0.241877,0.00156004,0,0,0,0,0,0,0,0,0.000153911,0.00947998,0,0,0,0,0,0,0,0,0,0.00746117,0.0141617,0,0,0,0,0,0,0,0,0,0,0.169724,0.00047367,0,0,0,0,0,0,0,0.0048599,0.135916,0.251482,0.00114559,0,0,0,0,0,0,0,0.00053568,0.000908044,0.0116345,0,0,0,0,0,0,0,0,0.000568844,0.0138752,0.0150561,0,0,0,0,0,0,0,0,0,0,0.15322,0.000193809,0,0,0,0,0,0,0,0.000337241,0.0841944,0.336355,0.000902821,0,0,0,0,0,0,0,0,3.75871e-07,0.00520552,0,0,0,0,0,0,0,0,0,0.00659715,0.0287645,0,0,0,0,0,0,0,0,0,0,0.223914,0.000473709,0,0,0,0,0,0,0,0.000342015,0.108233,0.244069,0.000378428,0,0,0,0,0,0,0,0,0.000450043,0.0201766,0,0,0,0,0,0,0,0,0,0.00821535,0.012246,0,0,0,0,0,0,0,0,0,0,0.209427,0.00307382,0,0,0,0,0,0,0,0.000310478,0.0387123,0.267212,0.00240638,0,0,0,0,0,0,0,0,0,0.0124027,0.000120864,0,0,0,0,0,0,0,0,0.00156807,0.0171879,0,0,0,0,0,0,0,0,0,0,0.217893,0.00131882,0,0,0,0,0,0,0,0.00314809,0.0325362,0.309959,0.00359602,0,0,0,0,0,0,0,0,0,0.0138324,0,0,0,0,0,0,0,0,0.000114756,0.00119693,0.0271912,0.000144614,0,0,0,0,0,0,0,0,0,0.201994,0.000981758,0,0,0,0,0,0,0,0.00078112,0.125503,0.228624,0.00112135,0,0,0,0,0,0,0,0,0.000894941,0.0184492,2.18845e-06,0,0,0,0,0,0,0,0,0.0107436,0.0111238,0,0,0,0,0,0,0,0,0,0,
scissors_2_seg1.ply,0.320945,1.9642e-08,0,0,0,0,0,0,0,0,0,0.324844,2.00737e-08,0,0,0,0,0,0,0,0,0,0.020109,0,0,0,0,0,0,0,0,0,0,0.0207448,0,0,0,0,0,0,0,0,0,0,0.184014,1.05765e-08,0,0,0,0,0,0,0,0,0,0.186478,1.14398e-08,0,0,0,0,0,0,0,0,0,0.00407881,0,0,0,0,0,0,0,0,0,0,0.00424647,0,0,0,0,0,0,0,0,0,0,0.16539,1.23032e-08,0,0,0,0,0,0,0,0,0,0.162919,1.07923e-08,0,0,0,0,0,0,0,0,0,0.00191366,0,0,0,0,0,0,0,0,0,0,0.00205626,0,0,0,0,0,0,0,0,0,0,0.33702,2.55778e-08,0,0,0,0,0,0,0,0,0,0.334683,2.59015e-08,0,0,0,0,0,0,0,0,0,0.0373055,1.83469e-09,0,0,0,0,0,0,0,0,0,0.0324729,1.51092e-09,0,0,0,0,0,0,0,0,0,0.26983,1.6836e-08,0,0,0,0,0,0,0,0,0,0.271602,1.93182e-08,0,0,0,0,0,0,0,0,0,0.0141958,0,0,0,0,0,0,0,0,0,0,0.0128622,0,0,0,0,0,0,0,0,0,0,0.200017,8.418e-09,0,0,0,0,0,0,0,0,0,0.202871,6.69123e-09,0,0,0,0,0,0,0,0,0,0.00233675,0,0,0,0,0,0,0,0,0,0,0.00237707,0,0,0,0,0,0,0,0,0,0,0.211498,1.35983e-08,0,0,0,0,0,0,0,0,0,0.204718,9.92892e-09,0,0,0,0,0,0,0,0,0,0.0104787,0,0,0,0,0,0,0,0,0,0,0.010214,0,0,0,0,0,0,0,0,0,0,0.246288,1.43538e-08,0,0,0,0,0,0,0,0,0,0.253549,1.58647e-08,0,0,0,0,0,0,0,0,0,0.00690765,0,0,0,0,0,0,0,0,0,0,0.00747445,0,0,0,0,0,0,0,0,0,0,
cuboid1.ply,0.00157613,0,0,0,0,0,0,0,0,0.00033712,0.24809,0.0362915,0.000180709,0,0,0,0,0,0,0,0.000147698,0.220127,0.00479522,0,0,0,0,0,0,0,0,0.000783909,0.194861,0.0695991,0.000559738,0,0,0,0,0,0,0,0.000228167,0.134919,0,0,0,0,0,0,0,0,0,4.21078e-07,0.191676,0.000827782,0,0,0,0,0,0,0,0,3.95074e-07,0.181079,0,0,0,0,0,0,0,0,0,0,0.00796345,0.000771957,0,0,0,0,0,0,0,0,0,0.00619551,0,0,0,0,0,0,0,0,0,3.86872e-07,0.181643,0,0,0,0,0,0,0,0,0,4.14477e-07,0.189877,0,0,0,0,0,0,0,0,0,0,0.00779789,0,0,0,0,0,0,0,0,0,0,0.00714434,0,0,0,0,0,0,0,0,0,0.000299552,0.26229,0.000280529,0,0,0,0,0,0,0,0,0.00029562,0.249994,0,0,0,0,0,0,0,0,0,0.000955487,0.20089,0.000193582,0,0,0,0,0,0,0,0,0.000968593,0.199028,0.00113574,0,0,0,0,0,0,0,0,0.000253731,0.248316,0.0203441,0.000169752,0,0,0,0,0,0,0,0.000106382,0.237017,0.00212172,0,0,0,0,0,0,0,0,0.00101876,0.185486,0.0302734,0.000395118,0,0,0,0,0,0,0,0.000510599,0.160543,0,0,0,0,0,0,0,0,0,3.87072e-07,0.184717,0.000726394,0,0,0,0,0,0,0,0,4.24279e-07,0.195734,0,0,0,0,0,0,0,0,0,0,0.0075823,0.000741611,0,0,0,0,0,0,0,0,0,0.00829066,0,0,0,0,0,0,0,0,0,3.94273e-07,0.188045,0.00120349,0,0,0,0,0,0,0,0,4.19078e-07,0.192441,0,0,0,0,0,0,0,0,0,0,0.00785607,0.00144197,0,0,0,0,0,0,0,0,0,0.00743083,0.00204837,0,0,0,0,0,0,0,0,0.000277459,0.23231,0.0411519,0.000260167,0,0,0,0,0,0,0,0.000102445,0.197818,0.00559665,0,0,0,0,0,0,0,0,0.000847702,0.195147,0.0746252,0.000707171,0,0,0,0,0,0,0,0.000172234,0.121108,
scissor1_1.ply,0.0380429,0,0,0,0,0,0,0,0,7.73231e-07,0.363632,0.263245,5.84638e-07,0,0,0,0,0,0,0,2.29169e-07,0.149967,0.00320411,0,0,0,0,0,0,0,0,6.34358e-08,0.0477589,0.0374615,4.80055e-08,0,0,0,0,0,0,0,3.45754e-08,0.025574,0.00135631,0,0,0,0,0,0,0,0,4.85769e-08,0.0375583,0.0196085,2.05738e-08,0,0,0,0,0,0,0,3.42896e-08,0.0218778,0,0,0,0,0,0,0,0,0,0,0.00111655,0.000543251,0,0,0,0,0,0,0,0,0,0.00069674,0.00134636,0,0,0,0,0,0,0,0,5.54349e-08,0.0390505,0.0203014,2.05738e-08,0,0,0,0,0,0,0,3.48611e-08,0.0217509,0,0,0,0,0,0,0,0,0,0,0.00208889,0.000572342,0,0,0,0,0,0,0,0,0,0.000975973,0.0346681,0,0,0,0,0,0,0,0,7.10938e-07,0.340242,0.249283,5.42919e-07,0,0,0,0,0,0,0,2.13739e-07,0.140741,0.00279167,0,0,0,0,0,0,0,0,1.30015e-07,0.0767166,0.0287853,4.11475e-08,0,0,0,0,0,0,0,4.11475e-08,0.0332461,0.0429074,0,0,0,0,0,0,0,0,7.22939e-07,0.340887,0.317828,6.82935e-07,0,0,0,0,0,0,0,6.17213e-08,0.0766741,0,0,0,0,0,0,0,0,0,0,0.0108105,0.007436,0,0,0,0,0,0,0,0,0,0.00267075,0.0257319,0,0,0,0,0,0,0,0,3.43468e-07,0.163374,0.198393,4.18333e-07,0,0,0,0,0,0,0,1.48588e-08,0.0282373,0,0,0,0,0,0,0,0,0,0,0.000341751,0.000765512,0,0,0,0,0,0,0,0,0,6.99596e-05,0.0126247,0,0,0,0,0,0,0,0,3.61755e-07,0.182182,0.1011,2.02309e-07,0,0,0,0,0,0,0,1.52017e-07,0.092479,0,0,0,0,0,0,0,0,0,0,0.00015957,0.00021725,0,0,0,0,0,0,0,0,0,9.96627e-05,0.0369149,0,0,0,0,0,0,0,0,7.56657e-07,0.362534,0.265393,5.74922e-07,0,0,0,0,0,0,0,1.10298e-07,0.102918,0,0,0,0,0,0,0,0,0,0,0.0105946,0.0077656,0,0,0,0,0,0,0,0,0,0.00229855,
chopstick_7_3dwh1.ply,0.0411965,0,0,0,0.00405446,0.164457,0,0,0,5.6935e-05,0.257828,0.294268,6.59835e-05,0,0,0.00263527,0.125238,0,0,0,1.78986e-06,0.0425974,0.00528024,0,0,0,0.000842225,0.0314345,0,0,0,5.83334e-06,0.0186919,0.0434545,8.00721e-06,0,0,0.000123925,0.00904724,0,0,0,8.83023e-07,0.00492365,0.000297359,0,0,0,7.49914e-05,0.00306902,0,0,0,1.15264e-06,0.00522142,0.00424917,8.88642e-07,0,0,6.01462e-05,0.00272725,0,0,0,1.26301e-07,0.000867433,0,0,0,0,0,0,0,0,0,0,0,0,0,0,0,0,0,0,0,0,0,0,0.000257829,0,0,0,0.000150166,0.00579399,0,0,0,7.7028e-07,0.00337604,0.00364962,7.74817e-07,0,0,0.000105258,0.0043674,0,0,0,1.30373e-07,0.000772911,0,0,0,0,0,0,0,0,0,0,0,0,0,0,0,0,0,0,0,0,0,0,0.026236,0,0,0,0.00775987,0.327424,0,0,0,4.47888e-05,0.200597,0.194264,4.26912e-05,0,0,0.00782755,0.332204,0,0,0,1.67789e-06,0.0335689,0,0,0,0,0,0.0110243,0,0,0,0,0.00404322,0.00382406,0,0,0,0,0.0115638,0,0,0,0,5.93606e-05,0.0263745,1.26198e-07,0,0,0.00753504,0.321677,0,0,0,4.85741e-05,0.210545,0.191467,4.34278e-05,0,0,0.00812564,0.338491,0,0,0,2.50797e-07,0.0298419,1.04898e-05,0,0,0,0,0.0107987,0,0,0,0,0.00396533,0.00354723,0,0,0,0,0.0115435,0,0,0,0,6.79441e-05,0.000319313,0,0,0,0.00010511,0.00418877,0,0,0,1.02211e-06,0.00455376,0.00449204,1.02639e-06,0,0,0.000105246,0.00434806,0,0,0,0,0.000244293,0,0,0,0,0,0,0,0,0,0,0,0,0,0,0,0,0,0,0,0,0,0,0.00035787,0,0,0,7.49589e-05,0.00316791,0,0,0,1.14392e-06,0.00509235,0.00393967,8.96581e-07,0,0,0.000120183,0.00460733,0,0,0,0,0.000402569,0,0,0,0,0,0,0,0,0,0,0,0,0,0,0,0,0,0,0,0,0,0,0.0367528,0,0,0,0.00395015,0.166672,0,0,0,5.7085e-05,0.259193,0.269891,5.87304e-05,0,0,0.00383425,0.157502,0,0,0,0,0.0362749,0.00364678,0,0,0,0.000343912,0.0227733,0,0,0,2.47321e-05,0.0300057,0.0337708,5.56394e-06,0,0,0.000523241,0.0177438,0,0,0,3.893e-06,0.00503473,
pliers1_1.ply,0.231223,5.22848e-08,0,0,0,0,0,0,0,0,0,0.234195,5.34867e-08,0,0,0,0,0,0,0,0,0,0.00598627,0,0,0,0,0,0,0,0,0,0,0.00691592,0,0,0,0,0,0,0,0,0,0,0.257753,1.31413e-07,0,0,0,0,0,0,0,0,0,0.255541,8.59394e-08,0,0,0,0,0,0,0,0,0,0.0316641,2.00325e-08,0,0,0,0,0,0,0,0,0,0.0444604,2.76448e-08,0,0,0,0,0,0,0,0,0,0.282923,8.11316e-08,0,0,0,0,0,0,0,0,0,0.278346,5.4288e-08,0,0,0,0,0,0,0,0,0,0.0312045,1.52247e-08,0,0,0,0,0,0,0,0,0,0.0444109,1.08175e-08,0,0,0,0,0,0,0,0,0,0.236886,5.40877e-08,0,0,0,0,0,0,0,0,0,0.227649,5.16838e-08,0,0,0,0,0,0,0,0,0,0.00564759,0,0,0,0,0,0,0,0,0,0,0.00594234,0,0,0,0,0,0,0,0,0,0,0.336536,8.05306e-08,0,0,0,0,0,0,0,0,0,0.328775,7.75257e-08,0,0,0,0,0,0,0,0,0,0.0841707,2.12344e-08,0,0,0,0,0,0,0,0,0,0.0828586,1.40227e-08,0,0,0,0,0,0,0,0,0,0.0684919,1.24201e-08,0,0,0,0,0,0,0,0,0,0.0711715,1.38224e-08,0,0,0,0,0,0,0,0,0,0.0698181,4.90796e-08,0,0,0,0,0,0,0,0,0,0.0725378,2.66432e-08,0,0,0,0,0,0,0,0,0,0.0932114,1.90309e-08,0,0,0,0,0,0,0,0,0.000499602,0.0917321,1.80292e-08,0,0,0,0,0,0,0,0,0,0.0814102,1.30211e-07,0,0,0,0,0,0,0,4.60747e-09,0.00525526,0.0867142,8.6941e-08,0,0,0,0,0,0,0,0,0.000601532,0.31272,7.39199e-08,0,0,0,0,0,0,0,0,0.00161794,0.308147,7.27179e-08,0,0,0,0,0,0,0,0,0,0.0624795,2.06335e-08,0,0,0,0,0,0,0,6.00975e-09,0.011737,0.0717476,9.61559e-09,0,0,0,0,0,0,0,0,0.00179842,
fyingpan_3_3dwh2.ply,0.0545296,1.13856e-08,0,0,0,0,0,0,0,3.95352e-08,0.09727,0.312396,1.3356e-07,0,0,0,0,0,0,0,0,0.0111368,0.00358112,0,0,0,0,0,0,0,0,5.17808e-08,0.11813,0.0191711,0,0,0,0,0,0,0,0,0,0.0107256,0.0533724,1.09364e-08,0,0,0,0,0,0,0,4.09985e-08,0.105966,0.312007,1.33329e-07,0,0,0,0,0,0,0,0,0.0124034,0.0034312,0,0,0,0,0,0,0,0,3.76611e-08,0.103761,0.0190321,0,0,0,0,0,0,0,0,0,0.00891342,0.0531361,1.10647e-08,0,0,0,0,0,0,0,4.06006e-08,0.104533,0.311105,1.36679e-07,0,0,0,0,0,0,0,0,0.0122176,0.0033561,0,0,0,0,0,0,0,0,3.77253e-08,0.103615,0.0190824,0,0,0,0,0,0,0,0,0,0.00888665,0.0550878,1.23098e-08,0,0,0,0,0,0,0,3.8059e-08,0.0936283,0.313333,1.37616e-07,0,0,0,0,0,0,0,0,0.0105341,0.00370456,0,0,0,0,0,0,0,0,5.13572e-08,0.120573,0.0192714,0,0,0,0,0,0,0,0,0,0.0111515,0.0551562,1.14498e-08,0,0,0,0,0,0,0,3.1089e-08,0.0795003,0.312638,1.33714e-07,0,0,0,0,0,0,0,0,0.0083767,0.00366966,0,0,0,0,0,0,0,0,7.8788e-08,0.141589,0.0193465,0,0,0,0,0,0,0,0,0,0.013928,0.0557134,1.22585e-08,0,0,0,0,0,0,0,2.50047e-08,0.0644985,0.315664,1.34317e-07,0,0,0,0,0,0,0,0,0.00649354,0.00375855,0,0,0,0,0,0,0,0,9.48588e-08,0.133241,0.0194477,0,0,0,0,0,0,0,0,0,0.0136273,0.0561221,1.20017e-08,0,0,0,0,0,0,0,2.68274e-08,0.0657215,0.316328,1.38155e-07,0,0,0,0,0,0,0,0,0.00680169,0.00375509,0,0,0,0,0,0,0,0,9.15984e-08,0.129683,0.0196949,0,0,0,0,0,0,0,0,0,0.0130249,0.0571028,1.27848e-08,0,0,0,0,0,0,0,3.20004e-08,0.078971,0.3132,1.3388e-07,0,0,0,0,0,0,0,0,0.00823246,0.00397771,0,0,0,0,0,0,0,0,7.98277e-08,0.138939,0.0192415,0,0,0,0,0,0,0,0,0,0.0135592,
tablefork_18_3dwh2.ply,0.0568453,0,0,0,0,0,0,0,0,9.6821e-08,0.301343,0.38627,1.26395e-07,0,0,0,0,0,0,0,0,0.0416808,0,0,0,0,0,0,0,0,0,0,0.00329951,0.014399,0,0,0,0,0,0,0,0,0,0,0.0113545,1.55245e-10,0,0,0,0,0,0,0,2.99623e-08,0.0971721,0.0733124,2.34937e-08,0,0,0,0,0,0,0,0,0.012218,0,0,0,0,0,0,0,0,0,0,0,0,0,0,0,0,0,0,0,0,0,0,0.0144891,4.65735e-10,0,0,0,0,0,0,0,3.31707e-08,0.102613,0.0887075,2.97035e-08,0,0,0,0,0,0,0,0,0.0130286,0,0,0,0,0,0,0,0,0,0,0,0,0,0,0,0,0,0,0,0,0,0,0.0516363,6.20979e-10,0,0,0,0,0,0,0,1.00495e-07,0.312044,0.347359,1.1545e-07,0,0,0,0,0,0,0,0,0.043277,0.000479418,0,0,0,0,0,0,0,0,4.65735e-10,0.0103762,0.0140986,7.5035e-10,0,0,0,0,0,0,0,0,0.000212831,0.0505393,5.17483e-10,0,0,0,0,0,0,0,1.01996e-07,0.310702,0.343022,1.13794e-07,0,0,0,0,0,0,0,0,0.0432263,0.000334564,0,0,0,0,0,0,0,0,4.13986e-10,0.0106379,0.013345,6.20979e-10,0,0,0,0,0,0,0,0,0.000212833,0.0134319,1.03497e-10,0,0,0,0,0,0,0,3.27567e-08,0.103609,0.0884559,2.86686e-08,0,0,0,0,0,0,0,0,0.0131637,0,0,0,0,0,0,0,0,0,0,0,0,0,0,0,0,0,0,0,0,0,0,0.0108641,0,0,0,0,0,0,0,0,3.09972e-08,0.098443,0.0738936,2.28727e-08,0,0,0,0,0,0,0,0,0.0123295,0,0,0,0,0,0,0,0,0,0,0,0,0,0,0,0,0,0,0,0,0,0,0.056648,1.03497e-10,0,0,0,0,0,0,0,9.65623e-08,0.303454,0.384065,1.26628e-07,0,0,0,0,0,0,0,1.03497e-10,0.0422604,0,0,0,0,0,0,0,0,0,0,0.00333903,0.0143776,0,0,0,0,0,0,0,0,0,2.22682e-05,
bowl_3_3dwh1.ply,0,0,0,0,0,0,0,0,0,0,0.190899,0,0,0,0,0,0,0,0,0,0,0.286353,0,0,0,0,0,0,0,0,0,0,0.0744209,0,0,0,0,0,0,0,0,0,0,0.0157339,0,0,0,0,0,0,0,0,0,0,0.190835,0,0,0,0,0,0,0,0,0,0,0.287269,0,0,0,0,0,0,0,0,0,1.00108e-10,0.069251,0,0,0,0,0,0,0,0,0,0,0.0151011,0,0,0,0,0,0,0,0,0,0,0.195415,0,0,0,0,0,0,0,0,0,0,0.28787,0,0,0,0,0,0,0,0,0,0,0.0728268,0,0,0,0,0,0,0,0,0,0,0.0153459,0,0,0,0,0,0,0,0,0,0,0.194123,0,0,0,0,0,0,0,0,0,0,0.288177,0,0,0,0,0,0,0,0,0,0,0.0737657,0,0,0,0,0,0,0,0,0,0,0.0154418,0,0,0,0,0,0,0,0,0,0,0.190802,0,0,0,0,0,0,0,0,0,0,0.287848,0,0,0,0,0,0,0,0,0,0,0.0740015,0,0,0,0,0,0,0,0,0,0,0.0157884,0,0,0,0,0,0,0,0,0,0,0.193636,0,0,0,0,0,0,0,0,0,0,0.282135,0,0,0,0,0,0,0,0,0,0,0.072085,0,0,0,0,0,0,0,0,0,0,0.0152174,0,0,0,0,0,0,0,0,0,0,0.189504,0,0,0,0,0,0,0,0,0,0,0.285156,0,0,0,0,0,0,0,0,0,5.00539e-11,0.0708482,0,0,0,0,0,0,0,0,0,0,0.0152161,0,0,0,0,0,0,0,0,0,0,0.194195,0,0,0,0,0,0,0,0,0,0,0.291828,0,0,0,0,0,0,0,0,0,5.00539e-11,0.0754438,0,0,0,0,0,0,0,0,0,0,0.0158006,
tablefork_19_3dwh4.ply,0.343686,2.22383e-06,0,0,0,0,0,0,0,0,0,0.1955,1.00687e-06,0,0,0,0,0,0,0,0,0,0.0799641,9.89436e-07,0,0,0,0,0,0,0,0,0,0.0112182,0,0,0,0,0,0,0,0,0,0,0.0650689,2.38814e-07,0,0,0,0,0,0,0,0,0,0.198766,1.28124e-06,0,0,0,0,0,0,0,0,0,0.000824159,0,0,0,0,0,0,0,0,0,0,0.000988288,0,0,0,0,0,0,0,0,0,0,0.031217,0,0,0,0,0,0,0,0,0,0,0.238432,1.55327e-06,0,0,0,0,0,0,0,0,0,0.000116137,0,0,0,0,0,0,0,0,0,0,0.00167126,0,0,0,0,0,0,0,0,0,0,0.321586,2.47365e-06,0,0,0,0,0,0,0,0,0,0.334367,1.97013e-06,0,0,0,0,0,0,0,0,0,0.0339689,2.8763e-07,0,0,0,0,0,0,0,0,0,0.00601113,0,0,0,0,0,0,0,0,0,0,0.327121,2.35887e-06,0,0,0,0,0,0,0,0,0,0.347707,2.06976e-06,0,0,0,0,0,0,0,0,0,0.0300626,1.07225e-07,0,0,0,0,0,0,0,0,0,0.00541123,0,0,0,0,0,0,0,0,0,0,0.0316297,0,0,0,0,0,0,0,0,0,0,0.237481,1.54598e-06,0,0,0,0,0,0,0,0,0,7.90066e-05,0,0,0,0,0,0,0,0,0,0,0.00164083,0,0,0,0,0,0,0,0,0,0,0.0679335,2.64253e-07,0,0,0,0,0,0,0,0,0,0.200461,1.29547e-06,0,0,0,0,0,0,0,0,0,0.000820259,0,0,0,0,0,0,0,0,0,0,0.000851769,0,0,0,0,0,0,0,0,0,0,0.367141,2.41313e-06,0,0,0,0,0,0,0,0,0,0.215373,1.14386e-06,0,0,0,0,0,0,0,0,0,0.0825235,1.40061e-06,0,0,0,0,0,0,0,0,0,0.0113473,0,0,0,0,0,0,0,0,0,0,
pliers3_2.ply,0,0,0,0,0,0,0,0,0,9.29415e-08,0.227805,0,0,0,0,0,0,0,0,0,7.88594e-08,0.206003,0,0,0,0,0,0,0,0,0,1.4082e-08,0.0455846,0,0,0,0,0,0,0,0,0,1.74617e-08,0.0544778,0,0,0,0,0,0,0,0,0,6.47774e-08,0.180868,0,0,0,0,0,0,0,0,0,8.16758e-08,0.208408,0,0,0,0,0,0,0,0,0,0,0.000996973,0,0,0,0,0,0,0,0,0,0,0.00141107,0,0,0,0,0,0,0,0,0,5.06953e-08,0.133035,0,0,0,0,0,0,0,0,0,5.06953e-08,0.129584,0,0,0,0,0,0,0,0,0,0,0,0,0,0,0,0,0,0,0,0,0,0,0,0,0,0,0,0,0,0,0,1.45327e-07,0.377179,0,0,0,0,0,0,0,0,0,1.35751e-07,0.36957,0,0,0,0,0,0,0,0,0,0,0.0113671,0,0,0,0,0,0,0,0,0,0,0.00862861,0,0,0,0,0,0,0,0,0,1.35751e-07,0.360573,0,0,0,0,0,0,0,0,0,1.47016e-07,0.379825,0,0,0,0,0,0,0,0,0,0,0.00754852,0,0,0,0,0,0,0,0,0,0,0.00769034,0,0,0,0,0,0,0,0,0,5.63282e-08,0.147662,0,0,0,0,0,0,0,0,0,5.63282e-08,0.145055,0,0,0,0,0,0,0,0,0,0,0,0,0,0,0,0,0,0,0,0,0,0,0,0,0,0,0,0,0,0,0,6.1961e-08,0.169304,0,0,0,0,0,0,0,0,0,6.1961e-08,0.16762,0,0,0,0,0,0,0,0,0,0,0.000150912,0,0,0,0,0,0,0,0,0,0,0.000146321,0,0,0,0,0,0,0,0,0,1.07023e-07,0.263836,0,0,0,0,0,0,0,0,0,9.57579e-08,0.247305,0,0,0,0,0,0,0,0,0,3.04172e-08,0.0532381,0,0,0,0,0,0,0,0,0,4.3936e-08,0.0576881,
tablefork_14_3dwh2.ply,0.0165271,0,0,0,0,0,0,0,0,1.52458e-07,0.333877,0.119973,5.95577e-08,0,0,0,0,0,0,0,1.41523e-07,0.307921,0.000679877,0,0,0,0,0,0,0,0,0,0.00473502,0.0168888,2.83143e-09,0,0,0,0,0,0,0,0,0.00893573,0,0,0,0,0,0,0,0,0,6.12664e-08,0.143748,0.000111691,0,0,0,0,0,0,0,0,2.99009e-08,0.0798481,0,0,0,0,0,0,0,0,0,0,0,0,0,0,0,0,0,0,0,0,0,0,0,0,0,0,0,0,0,0,0,5.22595e-08,0.125384,0.00013273,0,0,0,0,0,0,0,0,4.07141e-08,0.0960947,0,0,0,0,0,0,0,0,0,0,0,0,0,0,0,0,0,0,0,0,0,0,0.0173034,0,0,0,0,0,0,0,0,1.40742e-07,0.344465,0.131603,6.01924e-08,0,0,0,0,0,0,0,1.21239e-07,0.300417,0,0,0,0,0,0,0,0,0,0,0.00781233,0.0109878,0,0,0,0,0,0,0,0,0,0.00638811,0.0175076,0,0,0,0,0,0,0,0,1.34932e-07,0.342884,0.132727,6.00215e-08,0,0,0,0,0,0,0,1.19726e-07,0.303725,0,0,0,0,0,0,0,0,0,0,0.00787168,0.0109972,0,0,0,0,0,0,0,0,0,0.00625092,0,0,0,0,0,0,0,0,0,5.38705e-08,0.124625,0.000127507,0,0,0,0,0,0,0,0,4.07385e-08,0.0940946,0,0,0,0,0,0,0,0,0,0,0,0,0,0,0,0,0,0,0,0,0,0,0,0,0,0,0,0,0,0,0,6.78079e-08,0.140201,0.000115613,0,0,0,0,0,0,0,0,3.43922e-08,0.0807211,0,0,0,0,0,0,0,0,0,0,0,0,0,0,0,0,0,0,0,0,0,0,0.0164607,0,0,0,0,0,0,0,0,1.54826e-07,0.336143,0.119543,6.13152e-08,0,0,0,0,0,0,0,1.39961e-07,0.305712,0.000644942,0,0,0,0,0,0,0,0,0,0.00469254,0.0166819,2.78262e-09,0,0,0,0,0,0,0,0,0.00892209,
tablefork_13_3dwh2.ply,0.00620952,0,0,0,0,0,0,0,0,1.231e-06,0.437048,0.0618686,1.83962e-07,0,0,0,0,0,0,0,3.88776e-07,0.188563,0,0,0,0,0,0,0,0,0,9.14863e-08,0.0473213,0,0,0,0,0,0,0,0,0,3.75561e-08,0.0187323,0.00728412,0,0,0,0,0,0,0,0,0,0.0116281,0.0746059,2.17699e-07,0,0,0,0,0,0,0,2.29348e-07,0.0759887,0,0,0,0,0,0,0,0,0,0,0,0,0,0,0,0,0,0,0,0,0,0,0.00975857,0,0,0,0,0,0,0,0,0,0.011268,0.0947671,2.72316e-07,0,0,0,0,0,0,0,2.39595e-07,0.0852491,0,0,0,0,0,0,0,0,0,0,0,0,0,0,0,0,0,0,0,0,0,0,0.0110264,0,0,0,0,0,0,0,0,1.00044e-06,0.38421,0.0974606,2.8347e-07,0,0,0,0,0,0,0,7.14582e-07,0.297278,0,0,0,0,0,0,0,0,0,0,0.0180754,0,0,0,0,0,0,0,0,0,0,0.000227503,0.0108109,0,0,0,0,0,0,0,0,9.79261e-07,0.379791,0.0964337,2.73992e-07,0,0,0,0,0,0,0,6.784e-07,0.289002,0,0,0,0,0,0,0,0,0,0,0.0181435,0,0,0,0,0,0,0,0,0,0,0.000212961,0.00941538,0,0,0,0,0,0,0,0,0,0.0114895,0.0931599,2.66574e-07,0,0,0,0,0,0,0,2.4259e-07,0.0858397,0,0,0,0,0,0,0,0,0,0,0,0,0,0,0,0,0,0,0,0,0,0,0.00755321,0,0,0,0,0,0,0,0,1.81324e-09,0.0123437,0.0759047,2.22067e-07,0,0,0,0,0,0,0,2.29567e-07,0.0763654,0,0,0,0,0,0,0,0,0,0,0,0,0,0,0,0,0,0,0,0,0,0,0.00602658,0,0,0,0,0,0,0,0,1.21671e-06,0.431137,0.0602127,1.77643e-07,0,0,0,0,0,0,0,3.85314e-07,0.186854,0,0,0,0,0,0,0,0,0,9.9536e-08,0.0506843,0,0,0,0,0,0,0,0,0,4.52212e-08,0.0208513,
screwdriver_3_seg3.ply,0.305665,3.59967e-05,0,0,0,0,0,0,0,1.36723e-06,0.0116743,0.317344,3.54644e-05,0,0,0,0,0,0,0,0,0,0.03377,3.65686e-06,0,0,0,0,0,0,0,0,0,0.040398,2.11182e-06,0,0,0,0,0,0,0,0,0,0.134443,1.44406e-05,0,0,0,0,0,0,0,0,0.000329236,0.130571,1.35873e-05,0,0,0,0,0,0,0,0,0,4.99342e-05,0,0,0,0,0,0,0,0,0,0,4.00832e-05,0,0,0,0,0,0,0,0,0,0,0.135362,1.37052e-05,0,0,0,0,0,0,0,1.57501e-07,0.00138581,0.135789,1.41312e-05,0,0,0,0,0,0,0,0,0,5.62274e-05,0,0,0,0,0,0,0,0,0,0,3.9742e-05,0,0,0,0,0,0,0,0,0,0,0.338768,3.81799e-05,0,0,0,0,0,0,0,0,3.33366e-05,0.341644,3.82009e-05,0,0,0,0,0,0,0,0,0,0.0188014,0,0,0,0,0,0,0,0,0,0,0.0186817,0,0,0,0,0,0,0,0,0,0,0.337868,8.92951e-05,0,0,0,0,0,0,0,1.56956e-07,0.00160735,0.339355,5.77763e-05,0,0,0,0,0,0,0,0,0,0.0190627,0,0,0,0,0,0,0,0,0,0,0.0194604,0,0,0,0,0,0,0,0,0,0,0.132705,1.26837e-05,0,0,0,0,0,0,0,2.02599e-07,0.0015367,0.129464,1.26152e-05,0,0,0,0,0,0,0,0,0,4.05542e-05,0,0,0,0,0,0,0,0,0,0,3.97404e-05,0,0,0,0,0,0,0,0,0,0,0.138971,1.4545e-05,0,0,0,0,0,0,0,0,0.000149757,0.137034,1.34573e-05,0,0,0,0,0,0,0,0,0,9.22183e-05,0,0,0,0,0,0,0,0,0,0,5.8398e-05,0,0,0,0,0,0,0,0,0,0,0.307153,3.58121e-05,0,0,0,0,0,0,0,9.39828e-07,0.0079762,0.315252,3.46672e-05,0,0,0,0,0,0,0,0,0,0.0335131,1.96236e-06,0,0,0,0,0,0,0,0,0,0.037941,3.46502e-06,0,0,0,0,0,0,0,0,0,
pliers_2_seg2.ply,0.33663,2.45539e-08,0,0,0,0,0,0,0,0,0,0.335519,2.48407e-08,0,0,0,0,0,0,0,0,0,0.0140681,0,0,0,0,0,0,0,0,0,0,0.0139148,0,0,0,0,0,0,0,0,0,0,0.109951,7.45796e-09,0,0,0,0,0,0,0,0,0,0.111354,7.91691e-09,0,0,0,0,0,0,0,0,0,0,0,0,0,0,0,0,0,0,0,0,0,0,0,0,0,0,0,0,0,0,0,0.105895,7.68743e-09,0,0,0,0,0,0,0,0,0,0.105661,7.91691e-09,0,0,0,0,0,0,0,0,0,0,0,0,0,0,0,0,0,0,0,0,0,0,0,0,0,0,0,0,0,0,0,0.352867,2.65618e-08,0,0,0,0,0,0,0,0,0,0.355154,2.61602e-08,0,0,0,0,0,0,0,0,0,0.0219558,3.44213e-10,0,0,0,0,0,0,0,0,0,0.019989,3.44213e-10,0,0,0,0,0,0,0,0,0,0.318896,2.24886e-08,0,0,0,0,0,0,0,0,0,0.319892,2.28902e-08,0,0,0,0,0,0,0,0,0,0.0116581,0,0,0,0,0,0,0,0,0,0,0.0111806,0,0,0,0,0,0,0,0,0,0,0.110004,7.85954e-09,0,0,0,0,0,0,0,0,0,0.112833,8.03164e-09,0,0,0,0,0,0,0,0,0,0,0,0,0,0,0,0,0,0,0,0,0,0,0,0,0,0,0,0,0,0,0,0.109553,7.7448e-09,0,0,0,0,0,0,0,0,0,0.109981,7.85954e-09,0,0,0,0,0,0,0,0,0,0,0,0,0,0,0,0,0,0,0,0,0,0,0,0,0,0,0,0,0,0,0,0.333715,2.40376e-08,0,0,0,0,0,0,0,0,0,0.332159,2.42097e-08,0,0,0,0,0,0,0,0,0,0.0143703,0,0,0,0,0,0,0,0,0,0,0.0141191,0,0,0,0,0,0,0,0,0,0,
scissors_2_seg2.ply,0,0,0,0,0,0,0,0,0,7.00011e-05,0.274876,0,0,0,0,0,0,0,0,0,0.000104441,0.359538,0,0,0,0,0,0,0,0,0,4.44343e-06,0.0224612,0,0,0,0,0,0,0,0,0,6.58785e-06,0.0305556,0,0,0,0,0,0,0,0,0,6.66988e-06,0.0248219,0,0,0,0,0,0,0,0,0,1.00062e-05,0.0342322,0,0,0,0,0,0,0,0,0,0,0,0,0,0,0,0,0,0,0,0,0,0,0,0,0,0,0,0,0,0,0,6.66168e-06,0.0258115,0,0,0,0,0,0,0,0,0,1.22157e-05,0.0410106,0,0,0,0,0,0,0,0,0,0,0,0,0,0,0,0,0,0,0,0,0,0,0,0,0,0,0,0,0,0,0,0.000111111,0.38955,0,0,0,0,0,0,0,0,0,9.55511e-05,0.3677,0,0,0,0,0,0,0,0,0,0,0.0080552,0,0,0,0,0,0,0,0,0,0,0.00385837,0,0,0,0,0,0,0,0,0,6.99872e-05,0.287593,0,0,0,0,0,0,0,0,0,0.00013111,0.426171,0,0,0,0,0,0,0,0,0,0,0.00452372,0,0,0,0,0,0,0,0,0,0,0.0201002,0,0,0,0,0,0,0,0,0,4.44217e-06,0.0162086,0,0,0,0,0,0,0,0,0,3.33194e-06,0.0124641,0,0,0,0,0,0,0,0,0,0,0,0,0,0,0,0,0,0,0,0,0,0,0,0,0,0,0,0,0,0,0,7.77916e-06,0.0265673,0,0,0,0,0,0,0,0,0,4.44533e-06,0.0157889,0,0,0,0,0,0,0,0,0,0,0,0,0,0,0,0,0,0,0,0,0,0,0,0,0,0,0,0,0,0,0,0.000104451,0.363566,0,0,0,0,0,0,0,0,0,8.55553e-05,0.321426,0,0,0,0,0,0,0,0,0,4.44438e-06,0.0242017,0,0,0,0,0,0,0,0,0,2.2214e-06,0.0189472,
tablefork_14_3dwh1.ply,0.0382298,0.00164432,0.145196,0.00604693,0,0,0,0.00525556,0.123443,0.0224683,0.23899,0.249263,0.0187225,0.240953,0.0113083,0,0,0,0,0.025104,0.0090286,0.0311743,0.000421437,0,0.0056068,0,0,0,0,0,0.00376713,0.000479082,0.0102479,0.0100869,0.000144597,0.010437,0,0,0,0,0,0,0.000293532,1.00197e-05,0.00661595,0.000259486,0.00992282,0.000410593,0,0,0,0.000205355,0.00438359,0.00881733,0.0250407,0.0342994,0.0045844,0.0116283,0.000458636,0,0,0,0,0,0.00408176,0.00118227,0,0,0,0,0,0,0,0,0,0,0,0,0,0,0,0,0,0,0,0,0,0,0.00433991,0.000133959,0.0223851,0.000952324,0,0,0,0.000214596,0.00536049,0.00696195,0.0178941,0.0258375,0.00384346,0.023378,0.000968532,0,0,0,0,5.02681e-07,0.00432845,0.000821154,0,0,0,0,0,0,0,0,0,0,0,0,0,0,0,0,0,0,0,0,0,0,0.0460256,0.00199266,0.133733,0.00497846,0,0,0,0.00327779,0.0781982,0.0315278,0.327034,0.257304,0.0215273,0.271522,0.0122211,0,0,0,0,0.0125478,0.00746055,0.0415867,0.00052555,0,0.00406242,0,0,0,0,1.00156e-05,0.000612098,9.6467e-05,0.0127964,0.00923855,2.17514e-05,0.00841441,0,0,0,0,0,0.000116086,0.000340206,0.000155172,0.0319064,0.0122709,0.0163618,0,0,0,0,0.00618669,0.149877,0.0253017,0.383314,0.268752,0.0383371,0.101341,0.0037857,0,0,0,0.00476772,0.11225,0.00275931,0.0948845,0.00012839,0,0,0,0,0,0,0,0.00154167,3.17508e-05,0.0162769,0.0105275,2.96217e-05,0.00238779,0,0,0,0,3.01921e-05,0.00289115,6.40202e-05,0.00290266,0.000901658,0.00400699,0,0,0,0,0,0.00128019,0.0298494,0.0020177,0.0213261,0.0181465,0.00782231,0.00426043,0.000193963,0,0,0,0.000940488,0.0226724,0.000138488,0.00540072,0,0,0,0,0,0,0,0,0,0,0,0,0,0,0,0,0,0,0,0,0,0,0.000768053,0.00377961,0,0,0,0,0,0.000639221,0.016006,0.00222303,0.0316374,0.017934,0.00942934,0.0016179,7.1367e-05,0,0,0,0.000687149,0.0159043,0.000315539,0.00964274,0,0,0,0,0,0,0,0,0,0,0,0,0,0,0,0,0,0,0,0,0,0,0.0238188,0.00885631,0.0179415,0,0,0,0,0.0120019,0.265584,0.0200089,0.235302,0.206042,0.0314692,0.0923446,0.00365148,0,0,0,0.00826519,0.189728,0.00270026,0.0529934,0,8.35327e-05,0,0,0,0,0,0,0.00943126,0.00046779,0.0107366,0.00895645,0.000437915,0.00266341,0,0,0,0,0,0.00719502,0,0.00151093,
bottle_5_3dwh1.ply,0.0165152,0,0,0,0,0,0,0,0,6.19564e-07,0.256173,0.267226,6.52696e-07,0,0,0,0,0,0,0,0,0.0151952,0.00702605,0,0,0,0,0,0,0,0,3.90121e-06,0.0739768,0.0759946,2.08559e-06,0,0,0,0,0,0,0,0,0.00685809,0.0113162,0,0,0,0,0,0,0,0,4.57218e-07,0.192516,0.188084,4.43966e-07,0,0,0,0,0,0,0,6.62635e-09,0.0142234,0,0,0,0,0,0,0,0,0,0,0.00656112,0.00621549,0,0,0,0,0,0,0,0,0,0.000152092,0.0124028,0,0,0,0,0,0,0,0,4.37339e-07,0.186625,0.191279,4.50592e-07,0,0,0,0,0,0,0,0,0.0110742,0,0,0,0,0,0,0,0,0,0,0.00604596,0.00672145,0,0,0,0,0,0,0,0,0,0,0.0239313,0,0,0,0,0,0,0,0,9.13866e-07,0.317883,0.321003,9.90526e-07,0,0,0,0,0,0,0,6.28361e-09,0.0257811,0,0,0,0,0,0,0,0,0,0,0.0297693,0.030237,0,0,0,0,0,0,0,0,0,0.000330262,0.0234001,0,0,0,0,0,0,0,0,8.59141e-07,0.321049,0.317999,1.14739e-06,0,0,0,0,0,0,0,0,0.0238549,0,0,0,0,0,0,0,0,0,0,0.0303171,0.0297892,0,0,0,0,0,0,0,0,0,0,0.0123722,3.31318e-09,0,0,0,0,0,0,0,4.43966e-07,0.187279,0.186756,4.37339e-07,0,0,0,0,0,0,0,0,0.0119985,9.89724e-05,0,0,0,0,0,0,0,0,0,0.0066166,0.00634514,0,0,0,0,0,0,0,0,0,0,0.012108,3.31318e-09,0,0,0,0,0,0,0,4.24087e-07,0.180552,0.182508,4.274e-07,0,0,0,0,0,0,0,0,0.0108411,0.000119462,0,0,0,0,0,0,0,0,0,0.00623621,0.0060766,0,0,0,0,0,0,0,0,0,0,0.0167265,0,0,0,0,0,0,0,0,6.42756e-07,0.264748,0.269718,6.59322e-07,0,0,0,0,0,0,0,0,0.0156066,0.00729241,0,0,0,0,0,0,0,0,3.94668e-06,0.0787434,0.0773991,2.56257e-06,0,0,0,0,0,0,0,0,0.00743871,
spoon_1_3dwh2.ply,0.273059,3.10452e-07,0,0,0,0,0,0,0,0,0,0.291597,3.03108e-07,0,0,0,0,0,0,0,0,0,0.0396724,1.67584e-08,0,0,0,0,0,0,0,0,0,0.00600583,0,0,0,0,0,0,0,0,0,0,0.192092,2.09058e-07,0,0,0,0,0,0,0,0,0,0.203096,2.09058e-07,0,0,0,0,0,0,0,0,0,0.00865051,0,0,0,0,0,0,0,0,0,0,0.000503921,0,0,0,0,0,0,0,0,0,0,0.198854,2.16556e-07,0,0,0,0,0,0,0,0,0,0.231003,2.40628e-07,0,0,0,0,0,0,0,0,0,0.0109701,0,0,0,0,0,0,0,0,0,0,0.00122488,0,0,0,0,0,0,0,0,0,0,0.261237,2.9466e-07,0,0,0,0,0,0,0,1.85523e-09,0.00147874,0.312649,3.30032e-07,0,0,0,0,0,0,0,0,0.000164889,0.0238888,5.36637e-10,0,0,0,0,0,0,0,1.99322e-10,0.000406205,0.00489007,0,0,0,0,0,0,0,0,0,1.78344e-05,0.26199,2.93525e-07,0,0,0,0,0,0,0,1.70191e-09,0.00139005,0.313152,3.31151e-07,0,0,0,0,0,0,0,0,0.000146094,0.024222,2.48386e-09,0,0,0,0,0,0,0,1.8859e-09,0.00066223,0.00490937,0,0,0,0,0,0,0,0,0,5.55222e-05,0.201424,2.19975e-07,0,0,0,0,0,0,0,0,0,0.22925,2.37654e-07,0,0,0,0,0,0,0,0,0,0.0110311,0,0,0,0,0,0,0,0,0,0,0.00116888,0,0,0,0,0,0,0,0,0,0,0.188732,2.03508e-07,0,0,0,0,0,0,0,0,0,0.203568,2.09135e-07,0,0,0,0,0,0,0,0,0,0.00842932,0,0,0,0,0,0,0,0,0,0,0.000521247,0,0,0,0,0,0,0,0,0,0,0.272115,3.08244e-07,0,0,0,0,0,0,0,0,0,0.295887,3.08275e-07,0,0,0,0,0,0,0,0,0,0.0403474,1.94263e-08,0,0,0,0,0,0,0,0,0,0.00615862,0,0,0,0,0,0,0,0,0,0,
bottle_5_3dwh2.ply,0.133194,0.00723263,0,0,0,0,0,0,0,0,0,0.27325,0.0102627,0,0,0,0,0,0,0,0,0,0.104793,0.117016,0.00354071,0,0,0,0,0,0,0,0,0.0668264,0.00545348,0,0,0,0,0,0,0,0,0,0.175716,0.013741,0,0,0,0,0,0,0,0,0,0.25514,0.00733539,0,0,0,0,0,0,0,0,0,0.0930994,0.122511,0.00741565,0,0,0,0,0,0,0,0,0.0929282,0.0117412,0,0,0,0,0,0,0,0,0,0.101049,0.0112005,0,0,0,0,0,0,0,0,0,0.269219,0.00713932,0,0,0,0,0,0,0,0,0,0.111236,0.103447,0.000123113,0,0,0,0,0,0,0,0,0.105532,0.00877491,0,0,0,0,0,0,0,0,0,0.184771,0.00419734,0,0,0,0,0,0,0,0,0,0.27309,0.0414427,0,0,0,0,0,0,0,0,0,0.143799,0.0508016,0.000295678,0,0,0,0,0,0,0,0,0.092704,0.0153464,0,0,0,0,0,0,0,0,0,0.187025,0.00376673,0,0,0,0,0,0,0,0,0,0.243569,0.0250135,0,0,0,0,0,0,0,0,0,0.136638,0.0355873,0,0,0,0,0,0,0,0,0,0.0378234,0.0599592,0,0,0,0,0,0,0,0,0,0.190106,0.00344867,0,0,0,0,0,0,0,0,0,0.243511,0.0258192,0,0,0,0,0,0,0,0,0,0.121719,0.0478049,0,0,0,0,0,0,0,0,0,0.0587974,0.0945942,0,0,0,0,0,0,0,0,0,0.161125,0.00356993,0,0,0,0,0,0,0,0,0,0.213375,0.0451791,0,0,0,0,0,0,0,0,0,0.0824666,0.0215742,0,0,0,0,0,0,0,0,0,0.032387,0.0976916,0,0,0,0,0,0,0,0,0,0.211089,0.00906308,0,0,0,0,0,0,0,0,0,0.282805,0.0141782,0,0,0,0,0,0,0,0,0,0.0941222,0.101053,0,0,0,0,0,0,0,0,0,0.0730935,0.0605969,0,0,0,0,0,0,0,0,0,
pliers3_1.ply,0,0,0,0,0,0,0,0,0,2.22627e-10,0.266559,0,0,0,0,0,0,0,0,0,0,0.272055,0,0,0,0,0,0,0,0,0,4.25217e-08,0.170436,0,0,0,0,0,0,0,0,0,1.27788e-07,0.173474,0,0,0,0,0,0,0,0,0,0,0.00944092,0,0,0,0,0,0,0,0,0,0,0.0107382,0,0,0,0,0,0,0,0,0,1.98138e-08,0.0601229,0,0,0,0,0,0,0,0,0,4.63063e-08,0.0619165,0,0,0,0,0,0,0,0,0,0,0.0123654,0,0,0,0,0,0,0,0,0,0,0.0115484,0,0,0,0,0,0,0,0,0,7.65835e-08,0.0702928,0,0,0,0,0,0,0,0,0,1.82554e-08,0.0692019,0,0,0,0,0,0,0,0,0,6.6788e-10,0.284665,0,0,0,0,0,0,0,0,0,0,0.28577,0,0,0,0,0,0,0,0,0,1.37583e-07,0.159805,0,0,0,0,0,0,0,0,0,2.87188e-08,0.163647,0,0,0,0,0,0,0,0,0,9.35032e-09,0.263308,0.000866755,0,0,0,0,0,0,0,0,9.57294e-09,0.263604,0,0,0,0,0,0,0,0,0,0,0.00994062,0,0,0,0,0,0,0,0,0,0,0.0100156,0.00260638,0,0,0,0,0,0,0,0,2.15948e-08,0.286724,0.027269,1.6697e-08,0,0,0,0,0,0,0,9.68425e-08,0.250585,0,0,0,0,0,0,0,0,0,0,0.0193399,0.00214022,0,0,0,0,0,0,0,0,0,0.0158091,0.00262181,0,0,0,0,0,0,0,0,3.8737e-08,0.25573,0.0271821,1.1354e-08,0,0,0,0,0,0,0,5.94413e-08,0.246759,0,0,0,0,0,0,0,0,0,0,0.0166748,0.00216296,0,0,0,0,0,0,0,0,0,0.0155084,0,0,0,0,0,0,0,0,0,6.01092e-09,0.280662,0.000887669,0,0,0,0,0,0,0,0,6.23354e-09,0.266725,0,0,0,0,0,0,0,0,0,0,0.0109472,0,0,0,0,0,0,0,0,0,0,0.0107158,
pliers2_2.ply,0.0521281,1.34674e-07,0,0,0,0,0,0,0,3.4953e-06,0.220159,0.416576,6.32034e-06,0,0,0,0,0,0,0,0,0.0268502,0.00246925,0,0,0,0,0,0,0,0,6.46903e-07,0.0613629,0.0246342,1.44016e-07,0,0,0,0,0,0,0,0,0.00575796,0.0240837,0,0,0,0,0,0,0,0,1.74687e-06,0.120958,0.247257,3.49452e-06,0,0,0,0,0,0,0,0,0.0102876,0,0,0,0,0,0,0,0,0,0,0.00038023,0.00245957,0,0,0,0,0,0,0,0,0,0,0.0459233,4.04022e-07,0,0,0,0,0,0,0,2.96127e-06,0.213623,0.224687,3.09517e-06,0,0,0,0,0,0,0,0,0.0175101,0.000591182,0,0,0,0,0,0,0,0,0,0.00367369,0.0036348,0,0,0,0,0,0,0,0,0,0,0.045781,2.6857e-07,0,0,0,0,0,0,0,3.76698e-06,0.243707,0.218923,3.36296e-06,0,0,0,0,0,0,0,0,0.0269772,0.00125646,0,0,0,0,0,0,0,0,0,0.017496,0.0143776,0,0,0,0,0,0,0,0,0,0,0.0542312,2.6857e-07,0,0,0,0,0,0,0,3.88531e-06,0.267205,0.312615,4.46838e-06,0,0,0,0,0,0,0,0,0.0320462,0.000694097,0,0,0,0,0,0,0,0,0,0.0157731,0.0191585,0,0,0,0,0,0,0,0,0,0,0.0303533,1.34674e-07,0,0,0,0,0,0,0,2.6927e-06,0.189787,0.251865,3.49686e-06,0,0,0,0,0,0,0,0,0.0182822,0,0,0,0,0,0,0,0,0,0,0.00185317,0.00333571,0,0,0,0,0,0,0,0,0,0,0.0326524,1.34674e-07,0,0,0,0,0,0,0,3.50153e-06,0.236784,0.235502,3.49608e-06,0,0,0,0,0,0,0,0,0.0254404,0,0,0,0,0,0,0,0,0,0,0.00591109,0.00481467,0,0,0,0,0,0,0,0,0,0,0.0133596,0,0,0,0,0,0,0,0,4.16867e-06,0.283466,0.120466,1.75076e-06,0,0,0,0,0,0,0,0,0.0322798,0,0,0,0,0,0,0,0,0,1.34674e-07,0.0249847,0.00435733,0,0,0,0,0,0,0,0,0,0.00120208,
tablefork_18_3dwh1.ply,0.0280723,0,0,0,0,0,0,0,0,7.49657e-07,0.326226,0.331763,7.66901e-07,0,0,0,0,0,0,0,7.55829e-10,0.027834,0,0,0,0,0,0,0,0,0,0,0.01487,0.0149877,0,0,0,0,0,0,0,0,0,1.50855e-05,0.00753299,0,0,0,0,0,0,0,0,2.74254e-07,0.123367,0.120631,2.67844e-07,0,0,0,0,0,0,0,7.55829e-10,0.00814457,0,0,0,0,0,0,0,0,0,0,0,0,0,0,0,0,0,0,0,0,0,0,0.00782423,0,0,0,0,0,0,0,0,2.82582e-07,0.127143,0.125821,2.79363e-07,0,0,0,0,0,0,0,7.55829e-10,0.00837584,0,0,0,0,0,0,0,0,0,0,0,0,0,0,0,0,0,0,0,0,0,0,0.0277696,0,0,0,0,0,0,0,0,7.64395e-07,0.331749,0.332209,7.64661e-07,0,0,0,0,0,0,0,3.77915e-10,0.0279818,0.000108574,0,0,0,0,0,0,0,0,1.51166e-09,0.0152796,0.0152574,1.88957e-09,0,0,0,0,0,0,0,0,0.000105336,0.0279256,3.77915e-10,0,0,0,0,0,0,0,7.55661e-07,0.328352,0.330286,7.58993e-07,0,0,0,0,0,0,0,0,0.0274916,0.000164135,0,0,0,0,0,0,0,0,1.88957e-09,0.0150893,0.0155486,2.6454e-09,0,0,0,0,0,0,0,0,0.000108995,0.00787694,0,0,0,0,0,0,0,0,2.82162e-07,0.127549,0.125701,2.77795e-07,0,0,0,0,0,0,0,0,0.00808608,0,0,0,0,0,0,0,0,0,0,0,0,0,0,0,0,0,0,0,0,0,0,0.0082556,1.13374e-09,0,0,0,0,0,0,0,2.72141e-07,0.121836,0.123904,2.76942e-07,0,0,0,0,0,0,0,0,0.00768381,0,0,0,0,0,0,0,0,0,0,0,0,0,0,0,0,0,0,0,0,0,0,0.0279448,1.13374e-09,0,0,0,0,0,0,0,7.55969e-07,0.328304,0.325323,7.49209e-07,0,0,0,0,0,0,0,0,0.0277622,4.03372e-05,0,0,0,0,0,0,0,0,0,0.0149014,0.0147551,0,0,0,0,0,0,0,0,0,0,
